Country ID,Country Name,1st tuple,2nd tuple,3rd tuple,4th tuple,5th tuple,6th tuple,7th tuple,8th tuple,9th tuple,10th tuple
af,Afghanistan,"('Above 3,800 Afghans returned from Pakistan, Iran last week', 'The Ministry of Refugee and Repatriation says more than 3,800 Afghan refugees have been deported or voluntarily returned to the country from Pakistan and Iran in the past seven days.', 'https://pajhwok.com/2024/03/29/above-3800-afghans-returned-from-pakistan-iran-last-week/')","('Turkish security forces detain 72 asylum seekers near Greek border', 'Turkish security forces detained a group of 72 asylum seekers in the city of Edirne, near the Greek border. Anadolu Agency reported that among these asylum seekers were citizens of Afghanistan, Pakistan, Iraq, and Syria. They were attempting to travel towards Greece. According to a report released by the Turkish state news agency on Wednesday, […] The post Turkish security forces detain 72 asylum seekers near Greek border appeared first on Khaama Press.', 'https://www.khaama.com/turkish-security-forces-detain-72-asylum-seekers-near-greek-border/')","('No Title', 'No Description', '#')","('No Title', 'No Description', '#')","('No Title', 'No Description', '#')","('No Title', 'No Description', '#')","('No Title', 'No Description', '#')","('No Title', 'No Description', '#')","('No Title', 'No Description', '#')","('No Title', 'No Description', '#')"
al,Albania,"('US tuberculosis cases were at the highest level in a decade in 2023', 'Tuberculosis is caused by bacteria that usually attack the lungs, and is spread through the air when an infectious person coughs or sneezes.', 'https://www.euronews.com/health/2024/03/29/us-tuberculosis-cases-were-at-the-highest-level-in-a-decade-in-2023')","('No Title', 'No Description', '#')","('No Title', 'No Description', '#')","('No Title', 'No Description', '#')","('No Title', 'No Description', '#')","('No Title', 'No Description', '#')","('No Title', 'No Description', '#')","('No Title', 'No Description', '#')","('No Title', 'No Description', '#')","('No Title', 'No Description', '#')"
dz,Algeria,"('No Title', 'No Description', '#')","('No Title', 'No Description', '#')","('No Title', 'No Description', '#')","('No Title', 'No Description', '#')","('No Title', 'No Description', '#')","('No Title', 'No Description', '#')","('No Title', 'No Description', '#')","('No Title', 'No Description', '#')","('No Title', 'No Description', '#')","('No Title', 'No Description', '#')"
ad,Andorra,"('US tuberculosis cases were at the highest level in a decade in 2023', 'Tuberculosis is caused by bacteria that usually attack the lungs, and is spread through the air when an infectious person coughs or sneezes.', 'https://www.euronews.com/health/2024/03/29/us-tuberculosis-cases-were-at-the-highest-level-in-a-decade-in-2023')","('No Title', 'No Description', '#')","('No Title', 'No Description', '#')","('No Title', 'No Description', '#')","('No Title', 'No Description', '#')","('No Title', 'No Description', '#')","('No Title', 'No Description', '#')","('No Title', 'No Description', '#')","('No Title', 'No Description', '#')","('No Title', 'No Description', '#')"
ao,Angola,"('No Title', 'No Description', '#')","('No Title', 'No Description', '#')","('No Title', 'No Description', '#')","('No Title', 'No Description', '#')","('No Title', 'No Description', '#')","('No Title', 'No Description', '#')","('No Title', 'No Description', '#')","('No Title', 'No Description', '#')","('No Title', 'No Description', '#')","('No Title', 'No Description', '#')"
ar,Argentina,"('No Title', 'No Description', '#')","('No Title', 'No Description', '#')","('No Title', 'No Description', '#')","('No Title', 'No Description', '#')","('No Title', 'No Description', '#')","('No Title', 'No Description', '#')","('No Title', 'No Description', '#')","('No Title', 'No Description', '#')","('No Title', 'No Description', '#')","('No Title', 'No Description', '#')"
am,Armenia,"('No Title', 'No Description', '#')","('No Title', 'No Description', '#')","('No Title', 'No Description', '#')","('No Title', 'No Description', '#')","('No Title', 'No Description', '#')","('No Title', 'No Description', '#')","('No Title', 'No Description', '#')","('No Title', 'No Description', '#')","('No Title', 'No Description', '#')","('No Title', 'No Description', '#')"
au,Australia,"('Volunteers gear up for record Easter crowds at Tomaree Headland', 'Volunteers expect the new Tomaree Coastal Walk to draw big crowds.', 'https://www.newcastleherald.com.au/story/8573128/tomaree-headland-expecting-record-crowds-easter-weekend/?src=rss')","(""Birth Rates Are Plummeting in Most Nations, And The World Isn't Prepared"", 'Populations are growing unstable.', 'https://www.sciencealert.com/birth-rates-are-plummeting-in-most-nations-and-the-world-isnt-prepared')","('Magpies, magpie-larks and the striking mystery of the piping shrike', ""For more than 120 years, a question involving magpies has endlessly ruffled feathers — why is the bird on South Australia's state flag called a piping shrike? Trying to come up with an answer can feel like a wild goose chase, but ornithologists insist there's a simple solution."", 'https://www.abc.net.au/news/2024-03-30/magpies-mudlarks-and-the-mystery-of-the-piping-shrike/103629606')","('Time to Rediscover Australia’s ‘Golden Age’', 'At one point in modern history, Australia was a world leader in promoting individual freedom and enterprise.', 'https://www.theepochtimes.com/world/time-to-rediscover-australias-golden-age-5605628')","('Supercar driver’s dream home with insane garage is up for grabs', 'Motorheads, put pedal to the metal and race to this incredible acreage property complete with a man cave stacked high with supercars. TAKE A TOUR The post Supercar driver’s dream home with insane garage is up for grabs appeared first on realestate.com.au.', 'https://www.realestate.com.au/news/supercar-drivers-dream-home-with-insane-garage-is-up-for-grabs/')","('ContextAi: Elevate your AI products with confidence and analytics', 'Discover the power of Context.ai for comprehensive monitoring and optimization of your AI-powered products. Enhance user experiences, track performance, and ensure quality. - dynamicbusiness.com', 'https://news.knowledia.com/AU/en/articles/contextai-elevate-your-ai-products-with-confidence-and-analytics-a066104d77d383129c2c04d7c56ac364585d8017?source=rss')","('He knew too much about Putin’s apparatchiks – so his family ended up hiding out here', 'When a job with an oligarch in Russia turned dangerous, Nick Stride grabbed his family and fled as far as they could go: Australia.', 'https://www.theage.com.au/national/he-knew-too-much-about-putin-s-apparatchiks-so-his-family-ended-up-hiding-out-here-20240214-p5f4sa.html?ref=rss&utm_medium=rss&utm_source=rss_national')","('He knew too much about Putin’s apparatchiks – so his family ended up hiding out here', 'When a job with an oligarch in Russia turned dangerous, Nick Stride grabbed his family and fled as far as they could go: Australia.', 'https://www.brisbanetimes.com.au/national/he-knew-too-much-about-putin-s-apparatchiks-so-his-family-ended-up-hiding-out-here-20240214-p5f4sa.html?ref=rss&utm_medium=rss&utm_source=rss_feed')","('He knew too much about Putin’s apparatchiks – so his family ended up hiding out here', 'When a job with an oligarch in Russia turned dangerous, Nick Stride grabbed his family and fled as far as they could go: Australia.', 'https://www.theage.com.au/national/he-knew-too-much-about-putin-s-apparatchiks-so-his-family-ended-up-hiding-out-here-20240214-p5f4sa.html?ref=rss&utm_medium=rss&utm_source=rss_feed')","('He knew too much about Putin’s apparatchiks – so his family ended up hiding out here', 'When a job with an oligarch in Russia turned dangerous, Nick Stride grabbed his family and fled as far as they could go: Australia.', 'https://www.watoday.com.au/national/he-knew-too-much-about-putin-s-apparatchiks-so-his-family-ended-up-hiding-out-here-20240214-p5f4sa.html?ref=rss&utm_medium=rss&utm_source=rss_feed')"
at,Austria,"('US tuberculosis cases were at the highest level in a decade in 2023', 'Tuberculosis is caused by bacteria that usually attack the lungs, and is spread through the air when an infectious person coughs or sneezes.', 'https://www.euronews.com/health/2024/03/29/us-tuberculosis-cases-were-at-the-highest-level-in-a-decade-in-2023')","('No Title', 'No Description', '#')","('No Title', 'No Description', '#')","('No Title', 'No Description', '#')","('No Title', 'No Description', '#')","('No Title', 'No Description', '#')","('No Title', 'No Description', '#')","('No Title', 'No Description', '#')","('No Title', 'No Description', '#')","('No Title', 'No Description', '#')"
az,Azerbaijan,"('No Title', 'No Description', '#')","('No Title', 'No Description', '#')","('No Title', 'No Description', '#')","('No Title', 'No Description', '#')","('No Title', 'No Description', '#')","('No Title', 'No Description', '#')","('No Title', 'No Description', '#')","('No Title', 'No Description', '#')","('No Title', 'No Description', '#')","('No Title', 'No Description', '#')"
bs,Bahamas,"('No Title', 'No Description', '#')","('No Title', 'No Description', '#')","('No Title', 'No Description', '#')","('No Title', 'No Description', '#')","('No Title', 'No Description', '#')","('No Title', 'No Description', '#')","('No Title', 'No Description', '#')","('No Title', 'No Description', '#')","('No Title', 'No Description', '#')","('No Title', 'No Description', '#')"
bh,Bahrain,"('No Title', 'No Description', '#')","('No Title', 'No Description', '#')","('No Title', 'No Description', '#')","('No Title', 'No Description', '#')","('No Title', 'No Description', '#')","('No Title', 'No Description', '#')","('No Title', 'No Description', '#')","('No Title', 'No Description', '#')","('No Title', 'No Description', '#')","('No Title', 'No Description', '#')"
bd,Bangladesh,"('Migrant smuggling in Southeast Asia due to conflict, climate change, corruption: UN', None, 'https://bdnews24.com/world/asia-pacific/pxi5wy7uu5')","('No Title', 'No Description', '#')","('No Title', 'No Description', '#')","('No Title', 'No Description', '#')","('No Title', 'No Description', '#')","('No Title', 'No Description', '#')","('No Title', 'No Description', '#')","('No Title', 'No Description', '#')","('No Title', 'No Description', '#')","('No Title', 'No Description', '#')"
bb,Barbados,"('Barbados, Panama explore deeper ties', 'Barbados and Panama are working to deepen the ties between countries spanning cultural exchange, trade agreements, and legal cooperation. The plan includes the establishment of an embassy here, reciprocating Barbados’… The post Barbados, Panama explore deeper ties appeared first on Barbados Today.', 'https://barbadostoday.bb/2024/03/29/barbados-panama-explore-deeper-ties/')","('No Title', 'No Description', '#')","('No Title', 'No Description', '#')","('No Title', 'No Description', '#')","('No Title', 'No Description', '#')","('No Title', 'No Description', '#')","('No Title', 'No Description', '#')","('No Title', 'No Description', '#')","('No Title', 'No Description', '#')","('No Title', 'No Description', '#')"
by,Belarus,"('US tuberculosis cases were at the highest level in a decade in 2023', 'Tuberculosis is caused by bacteria that usually attack the lungs, and is spread through the air when an infectious person coughs or sneezes.', 'https://www.euronews.com/health/2024/03/29/us-tuberculosis-cases-were-at-the-highest-level-in-a-decade-in-2023')","('No Title', 'No Description', '#')","('No Title', 'No Description', '#')","('No Title', 'No Description', '#')","('No Title', 'No Description', '#')","('No Title', 'No Description', '#')","('No Title', 'No Description', '#')","('No Title', 'No Description', '#')","('No Title', 'No Description', '#')","('No Title', 'No Description', '#')"
be,Belgium,"('US tuberculosis cases were at the highest level in a decade in 2023', 'Tuberculosis is caused by bacteria that usually attack the lungs, and is spread through the air when an infectious person coughs or sneezes.', 'https://www.euronews.com/health/2024/03/29/us-tuberculosis-cases-were-at-the-highest-level-in-a-decade-in-2023')","('No Title', 'No Description', '#')","('No Title', 'No Description', '#')","('No Title', 'No Description', '#')","('No Title', 'No Description', '#')","('No Title', 'No Description', '#')","('No Title', 'No Description', '#')","('No Title', 'No Description', '#')","('No Title', 'No Description', '#')","('No Title', 'No Description', '#')"
bz,Belize,"('No Title', 'No Description', '#')","('No Title', 'No Description', '#')","('No Title', 'No Description', '#')","('No Title', 'No Description', '#')","('No Title', 'No Description', '#')","('No Title', 'No Description', '#')","('No Title', 'No Description', '#')","('No Title', 'No Description', '#')","('No Title', 'No Description', '#')","('No Title', 'No Description', '#')"
bj,Benin,"('No Title', 'No Description', '#')","('No Title', 'No Description', '#')","('No Title', 'No Description', '#')","('No Title', 'No Description', '#')","('No Title', 'No Description', '#')","('No Title', 'No Description', '#')","('No Title', 'No Description', '#')","('No Title', 'No Description', '#')","('No Title', 'No Description', '#')","('No Title', 'No Description', '#')"
bm,Bermuda,"('No Title', 'No Description', '#')","('No Title', 'No Description', '#')","('No Title', 'No Description', '#')","('No Title', 'No Description', '#')","('No Title', 'No Description', '#')","('No Title', 'No Description', '#')","('No Title', 'No Description', '#')","('No Title', 'No Description', '#')","('No Title', 'No Description', '#')","('No Title', 'No Description', '#')"
bt,Bhutan,"('No Title', 'No Description', '#')","('No Title', 'No Description', '#')","('No Title', 'No Description', '#')","('No Title', 'No Description', '#')","('No Title', 'No Description', '#')","('No Title', 'No Description', '#')","('No Title', 'No Description', '#')","('No Title', 'No Description', '#')","('No Title', 'No Description', '#')","('No Title', 'No Description', '#')"
bo,Bolivia,"('No Title', 'No Description', '#')","('No Title', 'No Description', '#')","('No Title', 'No Description', '#')","('No Title', 'No Description', '#')","('No Title', 'No Description', '#')","('No Title', 'No Description', '#')","('No Title', 'No Description', '#')","('No Title', 'No Description', '#')","('No Title', 'No Description', '#')","('No Title', 'No Description', '#')"
ba,Bosnia And Herzegovina,"('No Title', 'No Description', '#')","('No Title', 'No Description', '#')","('No Title', 'No Description', '#')","('No Title', 'No Description', '#')","('No Title', 'No Description', '#')","('No Title', 'No Description', '#')","('No Title', 'No Description', '#')","('No Title', 'No Description', '#')","('No Title', 'No Description', '#')","('No Title', 'No Description', '#')"
bw,Botswana,"('No Title', 'No Description', '#')","('No Title', 'No Description', '#')","('No Title', 'No Description', '#')","('No Title', 'No Description', '#')","('No Title', 'No Description', '#')","('No Title', 'No Description', '#')","('No Title', 'No Description', '#')","('No Title', 'No Description', '#')","('No Title', 'No Description', '#')","('No Title', 'No Description', '#')"
br,Brazil,"('No Title', 'No Description', '#')","('No Title', 'No Description', '#')","('No Title', 'No Description', '#')","('No Title', 'No Description', '#')","('No Title', 'No Description', '#')","('No Title', 'No Description', '#')","('No Title', 'No Description', '#')","('No Title', 'No Description', '#')","('No Title', 'No Description', '#')","('No Title', 'No Description', '#')"
bn,Brunei,"('No Title', 'No Description', '#')","('No Title', 'No Description', '#')","('No Title', 'No Description', '#')","('No Title', 'No Description', '#')","('No Title', 'No Description', '#')","('No Title', 'No Description', '#')","('No Title', 'No Description', '#')","('No Title', 'No Description', '#')","('No Title', 'No Description', '#')","('No Title', 'No Description', '#')"
bg,Bulgaria,"('US tuberculosis cases were at the highest level in a decade in 2023', 'Tuberculosis is caused by bacteria that usually attack the lungs, and is spread through the air when an infectious person coughs or sneezes.', 'https://www.euronews.com/health/2024/03/29/us-tuberculosis-cases-were-at-the-highest-level-in-a-decade-in-2023')","('No Title', 'No Description', '#')","('No Title', 'No Description', '#')","('No Title', 'No Description', '#')","('No Title', 'No Description', '#')","('No Title', 'No Description', '#')","('No Title', 'No Description', '#')","('No Title', 'No Description', '#')","('No Title', 'No Description', '#')","('No Title', 'No Description', '#')"
bf,Burkina Faso,"('No Title', 'No Description', '#')","('No Title', 'No Description', '#')","('No Title', 'No Description', '#')","('No Title', 'No Description', '#')","('No Title', 'No Description', '#')","('No Title', 'No Description', '#')","('No Title', 'No Description', '#')","('No Title', 'No Description', '#')","('No Title', 'No Description', '#')","('No Title', 'No Description', '#')"
bi,Burundi,"('No Title', 'No Description', '#')","('No Title', 'No Description', '#')","('No Title', 'No Description', '#')","('No Title', 'No Description', '#')","('No Title', 'No Description', '#')","('No Title', 'No Description', '#')","('No Title', 'No Description', '#')","('No Title', 'No Description', '#')","('No Title', 'No Description', '#')","('No Title', 'No Description', '#')"
kh,Cambodia,"('Six steps to help prevent the global health threat – antimicrobial resistance (AMR) – in Cambodia', 'Imagine a world where common infections that are currently treatable turn fatal, or where common medical procedures like surgeries or cancer treatments come with unacceptable risks. The post Six steps to help prevent the global health threat – antimicrobial resistance (AMR) – in Cambodia appeared first on Khmer Times.', 'https://www.khmertimeskh.com/501464555/six-steps-to-help-prevent-the-global-health-threat-antimicrobial-resistance-amr-in-cambodia/')","('No Title', 'No Description', '#')","('No Title', 'No Description', '#')","('No Title', 'No Description', '#')","('No Title', 'No Description', '#')","('No Title', 'No Description', '#')","('No Title', 'No Description', '#')","('No Title', 'No Description', '#')","('No Title', 'No Description', '#')","('No Title', 'No Description', '#')"
cm,Cameroon,"('No Title', 'No Description', '#')","('No Title', 'No Description', '#')","('No Title', 'No Description', '#')","('No Title', 'No Description', '#')","('No Title', 'No Description', '#')","('No Title', 'No Description', '#')","('No Title', 'No Description', '#')","('No Title', 'No Description', '#')","('No Title', 'No Description', '#')","('No Title', 'No Description', '#')"
ca,Canada,"('State spends $73 million to protect Illinois’ only undeveloped Lake Michigan shoreline', 'A $73 million state-funded project in Lake County aims to stabilize the last undeveloped Lake Michigan shoreline in Illinois and help protect native endangered species.', 'https://www.shawlocal.com/news/2024/03/29/state-spends-73-million-to-protect-illinois-only-undeveloped-lake-michigan-shoreline/')","('Major US city skylines in photos, then and now', 'Today, certain city structures across America have become synonymous with the skylines they dot, from Seattle’s Space Needle to Chicago’s Willis Tower and New York City’s Empire State Building. While they may now be indelible markers in their metros, these buildings are relatively new. After all, it wasn’t until the late 19th century that cities […] The post Major US city skylines in photos, then and now appeared first on Digital Journal.', 'https://www.digitaljournal.com/?p=3718370')","('GECDSB sticks to “Erie Migration Academy” as future K-12 Kingsville school name - the school naming policy will be reviewed –', 'The new Kingsville K-12 school on Jasperson Road will be named “Erie Migration Academy,” as the Greater Essex County District School Board (GECDSB) doubled down on its previous decision, despite public discontent.', 'https://www.thespec.com/news/canada/gecdsb-sticks-to-erie-migration-academy-as-future-k-12-kingsville-school-name--/article_8db77705-c60b-5401-8176-3a19e2b45c8f.html')","('After overreaching TOS angers users, cloud provider Vultr backs off', 'Terms seemed to grant an ""irrevocable"" right to commercialize any user content.', 'https://arstechnica.com/?p=2013458')","('Farmers & Merchants Bancorp: Looking Interesting For Long-Term Investors (Rating Upgrade)', None, 'https://seekingalpha.com/article/4681231-farmers-and-merchants-bancorp-looking-interesting-long-term-investors?source=feed_tag_long_ideas')","('Farmers & Merchants Bancorp: Looking Interesting For Long-Term Investors (Rating Upgrade)', None, 'https://seekingalpha.com/article/4681231-farmers-and-merchants-bancorp-looking-interesting-long-term-investors?source=feed_all_articles')","('Datadog: Growth Prospect Still Alive With Big Milestones Achieved', None, 'https://seekingalpha.com/article/4681121-datadog-stock-growth-prospect-still-alive-with-big-milestones-achieved?source=feed_tag_long_ideas')","('Datadog: Growth Prospect Still Alive With Big Milestones Achieved', None, 'https://seekingalpha.com/article/4681121-datadog-stock-growth-prospect-still-alive-with-big-milestones-achieved?source=feed_all_articles')","('Snowflake: 30% Revenue Growth Driven By Data Cloud And Analytics', None, 'https://seekingalpha.com/article/4681223-snowflake-30-percent-revenue-growth-driven-by-data-cloud-analytics?source=feed_all_articles')","('Wo', 'We ate and drank and drove on and I went off the road, and so we discussed the situation and decided it would be a good idea to pull off the road', 'https://thewalrus.ca/wo-fiction/')"
cv,Cape Verde,"('No Title', 'No Description', '#')","('No Title', 'No Description', '#')","('No Title', 'No Description', '#')","('No Title', 'No Description', '#')","('No Title', 'No Description', '#')","('No Title', 'No Description', '#')","('No Title', 'No Description', '#')","('No Title', 'No Description', '#')","('No Title', 'No Description', '#')","('No Title', 'No Description', '#')"
ky,Cayman Islands,"('No Title', 'No Description', '#')","('No Title', 'No Description', '#')","('No Title', 'No Description', '#')","('No Title', 'No Description', '#')","('No Title', 'No Description', '#')","('No Title', 'No Description', '#')","('No Title', 'No Description', '#')","('No Title', 'No Description', '#')","('No Title', 'No Description', '#')","('No Title', 'No Description', '#')"
cf,Central African Republic,"('No Title', 'No Description', '#')","('No Title', 'No Description', '#')","('No Title', 'No Description', '#')","('No Title', 'No Description', '#')","('No Title', 'No Description', '#')","('No Title', 'No Description', '#')","('No Title', 'No Description', '#')","('No Title', 'No Description', '#')","('No Title', 'No Description', '#')","('No Title', 'No Description', '#')"
td,Chad,"('No Title', 'No Description', '#')","('No Title', 'No Description', '#')","('No Title', 'No Description', '#')","('No Title', 'No Description', '#')","('No Title', 'No Description', '#')","('No Title', 'No Description', '#')","('No Title', 'No Description', '#')","('No Title', 'No Description', '#')","('No Title', 'No Description', '#')","('No Title', 'No Description', '#')"
cl,Chile,"('No Title', 'No Description', '#')","('No Title', 'No Description', '#')","('No Title', 'No Description', '#')","('No Title', 'No Description', '#')","('No Title', 'No Description', '#')","('No Title', 'No Description', '#')","('No Title', 'No Description', '#')","('No Title', 'No Description', '#')","('No Title', 'No Description', '#')","('No Title', 'No Description', '#')"
cn,China,"('No Title', 'No Description', '#')","('No Title', 'No Description', '#')","('No Title', 'No Description', '#')","('No Title', 'No Description', '#')","('No Title', 'No Description', '#')","('No Title', 'No Description', '#')","('No Title', 'No Description', '#')","('No Title', 'No Description', '#')","('No Title', 'No Description', '#')","('No Title', 'No Description', '#')"
co,Colombia,"('No Title', 'No Description', '#')","('No Title', 'No Description', '#')","('No Title', 'No Description', '#')","('No Title', 'No Description', '#')","('No Title', 'No Description', '#')","('No Title', 'No Description', '#')","('No Title', 'No Description', '#')","('No Title', 'No Description', '#')","('No Title', 'No Description', '#')","('No Title', 'No Description', '#')"
km,Comoros,"('No Title', 'No Description', '#')","('No Title', 'No Description', '#')","('No Title', 'No Description', '#')","('No Title', 'No Description', '#')","('No Title', 'No Description', '#')","('No Title', 'No Description', '#')","('No Title', 'No Description', '#')","('No Title', 'No Description', '#')","('No Title', 'No Description', '#')","('No Title', 'No Description', '#')"
cg,Congo,"('No Title', 'No Description', '#')","('No Title', 'No Description', '#')","('No Title', 'No Description', '#')","('No Title', 'No Description', '#')","('No Title', 'No Description', '#')","('No Title', 'No Description', '#')","('No Title', 'No Description', '#')","('No Title', 'No Description', '#')","('No Title', 'No Description', '#')","('No Title', 'No Description', '#')"
cr,Costa Rica,"('No Title', 'No Description', '#')","('No Title', 'No Description', '#')","('No Title', 'No Description', '#')","('No Title', 'No Description', '#')","('No Title', 'No Description', '#')","('No Title', 'No Description', '#')","('No Title', 'No Description', '#')","('No Title', 'No Description', '#')","('No Title', 'No Description', '#')","('No Title', 'No Description', '#')"
hr,Croatia,"('No Title', 'No Description', '#')","('No Title', 'No Description', '#')","('No Title', 'No Description', '#')","('No Title', 'No Description', '#')","('No Title', 'No Description', '#')","('No Title', 'No Description', '#')","('No Title', 'No Description', '#')","('No Title', 'No Description', '#')","('No Title', 'No Description', '#')","('No Title', 'No Description', '#')"
cu,Cuba,"('No Title', 'No Description', '#')","('No Title', 'No Description', '#')","('No Title', 'No Description', '#')","('No Title', 'No Description', '#')","('No Title', 'No Description', '#')","('No Title', 'No Description', '#')","('No Title', 'No Description', '#')","('No Title', 'No Description', '#')","('No Title', 'No Description', '#')","('No Title', 'No Description', '#')"
cy,Cyprus,"('No Title', 'No Description', '#')","('No Title', 'No Description', '#')","('No Title', 'No Description', '#')","('No Title', 'No Description', '#')","('No Title', 'No Description', '#')","('No Title', 'No Description', '#')","('No Title', 'No Description', '#')","('No Title', 'No Description', '#')","('No Title', 'No Description', '#')","('No Title', 'No Description', '#')"
cz,Czech Republic,"('No Title', 'No Description', '#')","('No Title', 'No Description', '#')","('No Title', 'No Description', '#')","('No Title', 'No Description', '#')","('No Title', 'No Description', '#')","('No Title', 'No Description', '#')","('No Title', 'No Description', '#')","('No Title', 'No Description', '#')","('No Title', 'No Description', '#')","('No Title', 'No Description', '#')"
dk,Denmark,"('No Title', 'No Description', '#')","('No Title', 'No Description', '#')","('No Title', 'No Description', '#')","('No Title', 'No Description', '#')","('No Title', 'No Description', '#')","('No Title', 'No Description', '#')","('No Title', 'No Description', '#')","('No Title', 'No Description', '#')","('No Title', 'No Description', '#')","('No Title', 'No Description', '#')"
dj,Djibouti,"('No Title', 'No Description', '#')","('No Title', 'No Description', '#')","('No Title', 'No Description', '#')","('No Title', 'No Description', '#')","('No Title', 'No Description', '#')","('No Title', 'No Description', '#')","('No Title', 'No Description', '#')","('No Title', 'No Description', '#')","('No Title', 'No Description', '#')","('No Title', 'No Description', '#')"
dm,Dominica,"('No Title', 'No Description', '#')","('No Title', 'No Description', '#')","('No Title', 'No Description', '#')","('No Title', 'No Description', '#')","('No Title', 'No Description', '#')","('No Title', 'No Description', '#')","('No Title', 'No Description', '#')","('No Title', 'No Description', '#')","('No Title', 'No Description', '#')","('No Title', 'No Description', '#')"
do,Dominican Republic,"('No Title', 'No Description', '#')","('No Title', 'No Description', '#')","('No Title', 'No Description', '#')","('No Title', 'No Description', '#')","('No Title', 'No Description', '#')","('No Title', 'No Description', '#')","('No Title', 'No Description', '#')","('No Title', 'No Description', '#')","('No Title', 'No Description', '#')","('No Title', 'No Description', '#')"
cd,DR Congo,"('No Title', 'No Description', '#')","('No Title', 'No Description', '#')","('No Title', 'No Description', '#')","('No Title', 'No Description', '#')","('No Title', 'No Description', '#')","('No Title', 'No Description', '#')","('No Title', 'No Description', '#')","('No Title', 'No Description', '#')","('No Title', 'No Description', '#')","('No Title', 'No Description', '#')"
ec,Ecuador,"('No Title', 'No Description', '#')","('No Title', 'No Description', '#')","('No Title', 'No Description', '#')","('No Title', 'No Description', '#')","('No Title', 'No Description', '#')","('No Title', 'No Description', '#')","('No Title', 'No Description', '#')","('No Title', 'No Description', '#')","('No Title', 'No Description', '#')","('No Title', 'No Description', '#')"
eg,Egypt,"('No Title', 'No Description', '#')","('No Title', 'No Description', '#')","('No Title', 'No Description', '#')","('No Title', 'No Description', '#')","('No Title', 'No Description', '#')","('No Title', 'No Description', '#')","('No Title', 'No Description', '#')","('No Title', 'No Description', '#')","('No Title', 'No Description', '#')","('No Title', 'No Description', '#')"
sv,El Salvador,"('No Title', 'No Description', '#')","('No Title', 'No Description', '#')","('No Title', 'No Description', '#')","('No Title', 'No Description', '#')","('No Title', 'No Description', '#')","('No Title', 'No Description', '#')","('No Title', 'No Description', '#')","('No Title', 'No Description', '#')","('No Title', 'No Description', '#')","('No Title', 'No Description', '#')"
gq,Equatorial Guinea,"('No Title', 'No Description', '#')","('No Title', 'No Description', '#')","('No Title', 'No Description', '#')","('No Title', 'No Description', '#')","('No Title', 'No Description', '#')","('No Title', 'No Description', '#')","('No Title', 'No Description', '#')","('No Title', 'No Description', '#')","('No Title', 'No Description', '#')","('No Title', 'No Description', '#')"
er,Eritrea,"('No Title', 'No Description', '#')","('No Title', 'No Description', '#')","('No Title', 'No Description', '#')","('No Title', 'No Description', '#')","('No Title', 'No Description', '#')","('No Title', 'No Description', '#')","('No Title', 'No Description', '#')","('No Title', 'No Description', '#')","('No Title', 'No Description', '#')","('No Title', 'No Description', '#')"
ee,Estonia,"('No Title', 'No Description', '#')","('No Title', 'No Description', '#')","('No Title', 'No Description', '#')","('No Title', 'No Description', '#')","('No Title', 'No Description', '#')","('No Title', 'No Description', '#')","('No Title', 'No Description', '#')","('No Title', 'No Description', '#')","('No Title', 'No Description', '#')","('No Title', 'No Description', '#')"
sz,Eswatini,"('No Title', 'No Description', '#')","('No Title', 'No Description', '#')","('No Title', 'No Description', '#')","('No Title', 'No Description', '#')","('No Title', 'No Description', '#')","('No Title', 'No Description', '#')","('No Title', 'No Description', '#')","('No Title', 'No Description', '#')","('No Title', 'No Description', '#')","('No Title', 'No Description', '#')"
et,Ethiopia,"('No Title', 'No Description', '#')","('No Title', 'No Description', '#')","('No Title', 'No Description', '#')","('No Title', 'No Description', '#')","('No Title', 'No Description', '#')","('No Title', 'No Description', '#')","('No Title', 'No Description', '#')","('No Title', 'No Description', '#')","('No Title', 'No Description', '#')","('No Title', 'No Description', '#')"
fj,Fiji,"('No Title', 'No Description', '#')","('No Title', 'No Description', '#')","('No Title', 'No Description', '#')","('No Title', 'No Description', '#')","('No Title', 'No Description', '#')","('No Title', 'No Description', '#')","('No Title', 'No Description', '#')","('No Title', 'No Description', '#')","('No Title', 'No Description', '#')","('No Title', 'No Description', '#')"
fi,Finland,"('No Title', 'No Description', '#')","('No Title', 'No Description', '#')","('No Title', 'No Description', '#')","('No Title', 'No Description', '#')","('No Title', 'No Description', '#')","('No Title', 'No Description', '#')","('No Title', 'No Description', '#')","('No Title', 'No Description', '#')","('No Title', 'No Description', '#')","('No Title', 'No Description', '#')"
fr,France,"('No Title', 'No Description', '#')","('No Title', 'No Description', '#')","('No Title', 'No Description', '#')","('No Title', 'No Description', '#')","('No Title', 'No Description', '#')","('No Title', 'No Description', '#')","('No Title', 'No Description', '#')","('No Title', 'No Description', '#')","('No Title', 'No Description', '#')","('No Title', 'No Description', '#')"
pf,French Polynesia,"('No Title', 'No Description', '#')","('No Title', 'No Description', '#')","('No Title', 'No Description', '#')","('No Title', 'No Description', '#')","('No Title', 'No Description', '#')","('No Title', 'No Description', '#')","('No Title', 'No Description', '#')","('No Title', 'No Description', '#')","('No Title', 'No Description', '#')","('No Title', 'No Description', '#')"
ga,Gabon,"('No Title', 'No Description', '#')","('No Title', 'No Description', '#')","('No Title', 'No Description', '#')","('No Title', 'No Description', '#')","('No Title', 'No Description', '#')","('No Title', 'No Description', '#')","('No Title', 'No Description', '#')","('No Title', 'No Description', '#')","('No Title', 'No Description', '#')","('No Title', 'No Description', '#')"
gm,Gambia,"('No Title', 'No Description', '#')","('No Title', 'No Description', '#')","('No Title', 'No Description', '#')","('No Title', 'No Description', '#')","('No Title', 'No Description', '#')","('No Title', 'No Description', '#')","('No Title', 'No Description', '#')","('No Title', 'No Description', '#')","('No Title', 'No Description', '#')","('No Title', 'No Description', '#')"
ge,Georgia,"('No Title', 'No Description', '#')","('No Title', 'No Description', '#')","('No Title', 'No Description', '#')","('No Title', 'No Description', '#')","('No Title', 'No Description', '#')","('No Title', 'No Description', '#')","('No Title', 'No Description', '#')","('No Title', 'No Description', '#')","('No Title', 'No Description', '#')","('No Title', 'No Description', '#')"
de,Germany,"('No Title', 'No Description', '#')","('No Title', 'No Description', '#')","('No Title', 'No Description', '#')","('No Title', 'No Description', '#')","('No Title', 'No Description', '#')","('No Title', 'No Description', '#')","('No Title', 'No Description', '#')","('No Title', 'No Description', '#')","('No Title', 'No Description', '#')","('No Title', 'No Description', '#')"
gh,Ghana,"('No Title', 'No Description', '#')","('No Title', 'No Description', '#')","('No Title', 'No Description', '#')","('No Title', 'No Description', '#')","('No Title', 'No Description', '#')","('No Title', 'No Description', '#')","('No Title', 'No Description', '#')","('No Title', 'No Description', '#')","('No Title', 'No Description', '#')","('No Title', 'No Description', '#')"
gr,Greece,"('No Title', 'No Description', '#')","('No Title', 'No Description', '#')","('No Title', 'No Description', '#')","('No Title', 'No Description', '#')","('No Title', 'No Description', '#')","('No Title', 'No Description', '#')","('No Title', 'No Description', '#')","('No Title', 'No Description', '#')","('No Title', 'No Description', '#')","('No Title', 'No Description', '#')"
gd,Grenada,"('No Title', 'No Description', '#')","('No Title', 'No Description', '#')","('No Title', 'No Description', '#')","('No Title', 'No Description', '#')","('No Title', 'No Description', '#')","('No Title', 'No Description', '#')","('No Title', 'No Description', '#')","('No Title', 'No Description', '#')","('No Title', 'No Description', '#')","('No Title', 'No Description', '#')"
gt,Guatemala,"('No Title', 'No Description', '#')","('No Title', 'No Description', '#')","('No Title', 'No Description', '#')","('No Title', 'No Description', '#')","('No Title', 'No Description', '#')","('No Title', 'No Description', '#')","('No Title', 'No Description', '#')","('No Title', 'No Description', '#')","('No Title', 'No Description', '#')","('No Title', 'No Description', '#')"
gn,Guinea,"('No Title', 'No Description', '#')","('No Title', 'No Description', '#')","('No Title', 'No Description', '#')","('No Title', 'No Description', '#')","('No Title', 'No Description', '#')","('No Title', 'No Description', '#')","('No Title', 'No Description', '#')","('No Title', 'No Description', '#')","('No Title', 'No Description', '#')","('No Title', 'No Description', '#')"
gy,Guyana,"('No Title', 'No Description', '#')","('No Title', 'No Description', '#')","('No Title', 'No Description', '#')","('No Title', 'No Description', '#')","('No Title', 'No Description', '#')","('No Title', 'No Description', '#')","('No Title', 'No Description', '#')","('No Title', 'No Description', '#')","('No Title', 'No Description', '#')","('No Title', 'No Description', '#')"
ht,Haiti,"('No Title', 'No Description', '#')","('No Title', 'No Description', '#')","('No Title', 'No Description', '#')","('No Title', 'No Description', '#')","('No Title', 'No Description', '#')","('No Title', 'No Description', '#')","('No Title', 'No Description', '#')","('No Title', 'No Description', '#')","('No Title', 'No Description', '#')","('No Title', 'No Description', '#')"
hn,Honduras,"('No Title', 'No Description', '#')","('No Title', 'No Description', '#')","('No Title', 'No Description', '#')","('No Title', 'No Description', '#')","('No Title', 'No Description', '#')","('No Title', 'No Description', '#')","('No Title', 'No Description', '#')","('No Title', 'No Description', '#')","('No Title', 'No Description', '#')","('No Title', 'No Description', '#')"
hk,Hong Kong,"('No Title', 'No Description', '#')","('No Title', 'No Description', '#')","('No Title', 'No Description', '#')","('No Title', 'No Description', '#')","('No Title', 'No Description', '#')","('No Title', 'No Description', '#')","('No Title', 'No Description', '#')","('No Title', 'No Description', '#')","('No Title', 'No Description', '#')","('No Title', 'No Description', '#')"
hu,Hungary,"('No Title', 'No Description', '#')","('No Title', 'No Description', '#')","('No Title', 'No Description', '#')","('No Title', 'No Description', '#')","('No Title', 'No Description', '#')","('No Title', 'No Description', '#')","('No Title', 'No Description', '#')","('No Title', 'No Description', '#')","('No Title', 'No Description', '#')","('No Title', 'No Description', '#')"
is,Iceland,"('No Title', 'No Description', '#')","('No Title', 'No Description', '#')","('No Title', 'No Description', '#')","('No Title', 'No Description', '#')","('No Title', 'No Description', '#')","('No Title', 'No Description', '#')","('No Title', 'No Description', '#')","('No Title', 'No Description', '#')","('No Title', 'No Description', '#')","('No Title', 'No Description', '#')"
in,India,"('No Title', 'No Description', '#')","('No Title', 'No Description', '#')","('No Title', 'No Description', '#')","('No Title', 'No Description', '#')","('No Title', 'No Description', '#')","('No Title', 'No Description', '#')","('No Title', 'No Description', '#')","('No Title', 'No Description', '#')","('No Title', 'No Description', '#')","('No Title', 'No Description', '#')"
id,Indonesia,"('No Title', 'No Description', '#')","('No Title', 'No Description', '#')","('No Title', 'No Description', '#')","('No Title', 'No Description', '#')","('No Title', 'No Description', '#')","('No Title', 'No Description', '#')","('No Title', 'No Description', '#')","('No Title', 'No Description', '#')","('No Title', 'No Description', '#')","('No Title', 'No Description', '#')"
ir,Iran,"('No Title', 'No Description', '#')","('No Title', 'No Description', '#')","('No Title', 'No Description', '#')","('No Title', 'No Description', '#')","('No Title', 'No Description', '#')","('No Title', 'No Description', '#')","('No Title', 'No Description', '#')","('No Title', 'No Description', '#')","('No Title', 'No Description', '#')","('No Title', 'No Description', '#')"
iq,Iraq,"('No Title', 'No Description', '#')","('No Title', 'No Description', '#')","('No Title', 'No Description', '#')","('No Title', 'No Description', '#')","('No Title', 'No Description', '#')","('No Title', 'No Description', '#')","('No Title', 'No Description', '#')","('No Title', 'No Description', '#')","('No Title', 'No Description', '#')","('No Title', 'No Description', '#')"
ie,Ireland,"('No Title', 'No Description', '#')","('No Title', 'No Description', '#')","('No Title', 'No Description', '#')","('No Title', 'No Description', '#')","('No Title', 'No Description', '#')","('No Title', 'No Description', '#')","('No Title', 'No Description', '#')","('No Title', 'No Description', '#')","('No Title', 'No Description', '#')","('No Title', 'No Description', '#')"
il,Israel,"('No Title', 'No Description', '#')","('No Title', 'No Description', '#')","('No Title', 'No Description', '#')","('No Title', 'No Description', '#')","('No Title', 'No Description', '#')","('No Title', 'No Description', '#')","('No Title', 'No Description', '#')","('No Title', 'No Description', '#')","('No Title', 'No Description', '#')","('No Title', 'No Description', '#')"
it,Italy,"('No Title', 'No Description', '#')","('No Title', 'No Description', '#')","('No Title', 'No Description', '#')","('No Title', 'No Description', '#')","('No Title', 'No Description', '#')","('No Title', 'No Description', '#')","('No Title', 'No Description', '#')","('No Title', 'No Description', '#')","('No Title', 'No Description', '#')","('No Title', 'No Description', '#')"
ci,Ivory Coast,"('No Title', 'No Description', '#')","('No Title', 'No Description', '#')","('No Title', 'No Description', '#')","('No Title', 'No Description', '#')","('No Title', 'No Description', '#')","('No Title', 'No Description', '#')","('No Title', 'No Description', '#')","('No Title', 'No Description', '#')","('No Title', 'No Description', '#')","('No Title', 'No Description', '#')"
jm,Jamaica,"('No Title', 'No Description', '#')","('No Title', 'No Description', '#')","('No Title', 'No Description', '#')","('No Title', 'No Description', '#')","('No Title', 'No Description', '#')","('No Title', 'No Description', '#')","('No Title', 'No Description', '#')","('No Title', 'No Description', '#')","('No Title', 'No Description', '#')","('No Title', 'No Description', '#')"
jp,Japan,"('No Title', 'No Description', '#')","('No Title', 'No Description', '#')","('No Title', 'No Description', '#')","('No Title', 'No Description', '#')","('No Title', 'No Description', '#')","('No Title', 'No Description', '#')","('No Title', 'No Description', '#')","('No Title', 'No Description', '#')","('No Title', 'No Description', '#')","('No Title', 'No Description', '#')"
je,Jersey,"('No Title', 'No Description', '#')","('No Title', 'No Description', '#')","('No Title', 'No Description', '#')","('No Title', 'No Description', '#')","('No Title', 'No Description', '#')","('No Title', 'No Description', '#')","('No Title', 'No Description', '#')","('No Title', 'No Description', '#')","('No Title', 'No Description', '#')","('No Title', 'No Description', '#')"
jo,Jordan,"('No Title', 'No Description', '#')","('No Title', 'No Description', '#')","('No Title', 'No Description', '#')","('No Title', 'No Description', '#')","('No Title', 'No Description', '#')","('No Title', 'No Description', '#')","('No Title', 'No Description', '#')","('No Title', 'No Description', '#')","('No Title', 'No Description', '#')","('No Title', 'No Description', '#')"
kz,Kazakhstan,"('No Title', 'No Description', '#')","('No Title', 'No Description', '#')","('No Title', 'No Description', '#')","('No Title', 'No Description', '#')","('No Title', 'No Description', '#')","('No Title', 'No Description', '#')","('No Title', 'No Description', '#')","('No Title', 'No Description', '#')","('No Title', 'No Description', '#')","('No Title', 'No Description', '#')"
ke,Kenya,"('No Title', 'No Description', '#')","('No Title', 'No Description', '#')","('No Title', 'No Description', '#')","('No Title', 'No Description', '#')","('No Title', 'No Description', '#')","('No Title', 'No Description', '#')","('No Title', 'No Description', '#')","('No Title', 'No Description', '#')","('No Title', 'No Description', '#')","('No Title', 'No Description', '#')"
ki,Kiribati,"('No Title', 'No Description', '#')","('No Title', 'No Description', '#')","('No Title', 'No Description', '#')","('No Title', 'No Description', '#')","('No Title', 'No Description', '#')","('No Title', 'No Description', '#')","('No Title', 'No Description', '#')","('No Title', 'No Description', '#')","('No Title', 'No Description', '#')","('No Title', 'No Description', '#')"
xk,Kosovo,"('No Title', 'No Description', '#')","('No Title', 'No Description', '#')","('No Title', 'No Description', '#')","('No Title', 'No Description', '#')","('No Title', 'No Description', '#')","('No Title', 'No Description', '#')","('No Title', 'No Description', '#')","('No Title', 'No Description', '#')","('No Title', 'No Description', '#')","('No Title', 'No Description', '#')"
kw,Kuwait,"('No Title', 'No Description', '#')","('No Title', 'No Description', '#')","('No Title', 'No Description', '#')","('No Title', 'No Description', '#')","('No Title', 'No Description', '#')","('No Title', 'No Description', '#')","('No Title', 'No Description', '#')","('No Title', 'No Description', '#')","('No Title', 'No Description', '#')","('No Title', 'No Description', '#')"
kg,Kyrgyzstan,"('No Title', 'No Description', '#')","('No Title', 'No Description', '#')","('No Title', 'No Description', '#')","('No Title', 'No Description', '#')","('No Title', 'No Description', '#')","('No Title', 'No Description', '#')","('No Title', 'No Description', '#')","('No Title', 'No Description', '#')","('No Title', 'No Description', '#')","('No Title', 'No Description', '#')"
la,Laos,"('No Title', 'No Description', '#')","('No Title', 'No Description', '#')","('No Title', 'No Description', '#')","('No Title', 'No Description', '#')","('No Title', 'No Description', '#')","('No Title', 'No Description', '#')","('No Title', 'No Description', '#')","('No Title', 'No Description', '#')","('No Title', 'No Description', '#')","('No Title', 'No Description', '#')"
lv,Latvia,"('No Title', 'No Description', '#')","('No Title', 'No Description', '#')","('No Title', 'No Description', '#')","('No Title', 'No Description', '#')","('No Title', 'No Description', '#')","('No Title', 'No Description', '#')","('No Title', 'No Description', '#')","('No Title', 'No Description', '#')","('No Title', 'No Description', '#')","('No Title', 'No Description', '#')"
lb,Lebanon,"('No Title', 'No Description', '#')","('No Title', 'No Description', '#')","('No Title', 'No Description', '#')","('No Title', 'No Description', '#')","('No Title', 'No Description', '#')","('No Title', 'No Description', '#')","('No Title', 'No Description', '#')","('No Title', 'No Description', '#')","('No Title', 'No Description', '#')","('No Title', 'No Description', '#')"
ls,Lesotho,"('No Title', 'No Description', '#')","('No Title', 'No Description', '#')","('No Title', 'No Description', '#')","('No Title', 'No Description', '#')","('No Title', 'No Description', '#')","('No Title', 'No Description', '#')","('No Title', 'No Description', '#')","('No Title', 'No Description', '#')","('No Title', 'No Description', '#')","('No Title', 'No Description', '#')"
lr,Liberia,"('No Title', 'No Description', '#')","('No Title', 'No Description', '#')","('No Title', 'No Description', '#')","('No Title', 'No Description', '#')","('No Title', 'No Description', '#')","('No Title', 'No Description', '#')","('No Title', 'No Description', '#')","('No Title', 'No Description', '#')","('No Title', 'No Description', '#')","('No Title', 'No Description', '#')"
ly,Libya,"('No Title', 'No Description', '#')","('No Title', 'No Description', '#')","('No Title', 'No Description', '#')","('No Title', 'No Description', '#')","('No Title', 'No Description', '#')","('No Title', 'No Description', '#')","('No Title', 'No Description', '#')","('No Title', 'No Description', '#')","('No Title', 'No Description', '#')","('No Title', 'No Description', '#')"
li,Liechtenstein,"('No Title', 'No Description', '#')","('No Title', 'No Description', '#')","('No Title', 'No Description', '#')","('No Title', 'No Description', '#')","('No Title', 'No Description', '#')","('No Title', 'No Description', '#')","('No Title', 'No Description', '#')","('No Title', 'No Description', '#')","('No Title', 'No Description', '#')","('No Title', 'No Description', '#')"
lt,Lithuania,"('No Title', 'No Description', '#')","('No Title', 'No Description', '#')","('No Title', 'No Description', '#')","('No Title', 'No Description', '#')","('No Title', 'No Description', '#')","('No Title', 'No Description', '#')","('No Title', 'No Description', '#')","('No Title', 'No Description', '#')","('No Title', 'No Description', '#')","('No Title', 'No Description', '#')"
lu,Luxembourg,"('No Title', 'No Description', '#')","('No Title', 'No Description', '#')","('No Title', 'No Description', '#')","('No Title', 'No Description', '#')","('No Title', 'No Description', '#')","('No Title', 'No Description', '#')","('No Title', 'No Description', '#')","('No Title', 'No Description', '#')","('No Title', 'No Description', '#')","('No Title', 'No Description', '#')"
mo,Macau,"('No Title', 'No Description', '#')","('No Title', 'No Description', '#')","('No Title', 'No Description', '#')","('No Title', 'No Description', '#')","('No Title', 'No Description', '#')","('No Title', 'No Description', '#')","('No Title', 'No Description', '#')","('No Title', 'No Description', '#')","('No Title', 'No Description', '#')","('No Title', 'No Description', '#')"
mk,Macedonia,"('No Title', 'No Description', '#')","('No Title', 'No Description', '#')","('No Title', 'No Description', '#')","('No Title', 'No Description', '#')","('No Title', 'No Description', '#')","('No Title', 'No Description', '#')","('No Title', 'No Description', '#')","('No Title', 'No Description', '#')","('No Title', 'No Description', '#')","('No Title', 'No Description', '#')"
mg,Madagascar,"('No Title', 'No Description', '#')","('No Title', 'No Description', '#')","('No Title', 'No Description', '#')","('No Title', 'No Description', '#')","('No Title', 'No Description', '#')","('No Title', 'No Description', '#')","('No Title', 'No Description', '#')","('No Title', 'No Description', '#')","('No Title', 'No Description', '#')","('No Title', 'No Description', '#')"
mw,Malawi,"('No Title', 'No Description', '#')","('No Title', 'No Description', '#')","('No Title', 'No Description', '#')","('No Title', 'No Description', '#')","('No Title', 'No Description', '#')","('No Title', 'No Description', '#')","('No Title', 'No Description', '#')","('No Title', 'No Description', '#')","('No Title', 'No Description', '#')","('No Title', 'No Description', '#')"
my,Malaysia,"('No Title', 'No Description', '#')","('No Title', 'No Description', '#')","('No Title', 'No Description', '#')","('No Title', 'No Description', '#')","('No Title', 'No Description', '#')","('No Title', 'No Description', '#')","('No Title', 'No Description', '#')","('No Title', 'No Description', '#')","('No Title', 'No Description', '#')","('No Title', 'No Description', '#')"
mv,Maldives,"('No Title', 'No Description', '#')","('No Title', 'No Description', '#')","('No Title', 'No Description', '#')","('No Title', 'No Description', '#')","('No Title', 'No Description', '#')","('No Title', 'No Description', '#')","('No Title', 'No Description', '#')","('No Title', 'No Description', '#')","('No Title', 'No Description', '#')","('No Title', 'No Description', '#')"
ml,Mali,"('No Title', 'No Description', '#')","('No Title', 'No Description', '#')","('No Title', 'No Description', '#')","('No Title', 'No Description', '#')","('No Title', 'No Description', '#')","('No Title', 'No Description', '#')","('No Title', 'No Description', '#')","('No Title', 'No Description', '#')","('No Title', 'No Description', '#')","('No Title', 'No Description', '#')"
mt,Malta,"('No Title', 'No Description', '#')","('No Title', 'No Description', '#')","('No Title', 'No Description', '#')","('No Title', 'No Description', '#')","('No Title', 'No Description', '#')","('No Title', 'No Description', '#')","('No Title', 'No Description', '#')","('No Title', 'No Description', '#')","('No Title', 'No Description', '#')","('No Title', 'No Description', '#')"
mh,Marshall Islands,"('No Title', 'No Description', '#')","('No Title', 'No Description', '#')","('No Title', 'No Description', '#')","('No Title', 'No Description', '#')","('No Title', 'No Description', '#')","('No Title', 'No Description', '#')","('No Title', 'No Description', '#')","('No Title', 'No Description', '#')","('No Title', 'No Description', '#')","('No Title', 'No Description', '#')"
mr,Mauritania,"('No Title', 'No Description', '#')","('No Title', 'No Description', '#')","('No Title', 'No Description', '#')","('No Title', 'No Description', '#')","('No Title', 'No Description', '#')","('No Title', 'No Description', '#')","('No Title', 'No Description', '#')","('No Title', 'No Description', '#')","('No Title', 'No Description', '#')","('No Title', 'No Description', '#')"
mu,Mauritius,"('No Title', 'No Description', '#')","('No Title', 'No Description', '#')","('No Title', 'No Description', '#')","('No Title', 'No Description', '#')","('No Title', 'No Description', '#')","('No Title', 'No Description', '#')","('No Title', 'No Description', '#')","('No Title', 'No Description', '#')","('No Title', 'No Description', '#')","('No Title', 'No Description', '#')"
mx,Mexico,"('No Title', 'No Description', '#')","('No Title', 'No Description', '#')","('No Title', 'No Description', '#')","('No Title', 'No Description', '#')","('No Title', 'No Description', '#')","('No Title', 'No Description', '#')","('No Title', 'No Description', '#')","('No Title', 'No Description', '#')","('No Title', 'No Description', '#')","('No Title', 'No Description', '#')"
fm,Micronesia,"('No Title', 'No Description', '#')","('No Title', 'No Description', '#')","('No Title', 'No Description', '#')","('No Title', 'No Description', '#')","('No Title', 'No Description', '#')","('No Title', 'No Description', '#')","('No Title', 'No Description', '#')","('No Title', 'No Description', '#')","('No Title', 'No Description', '#')","('No Title', 'No Description', '#')"
md,Moldova,"('No Title', 'No Description', '#')","('No Title', 'No Description', '#')","('No Title', 'No Description', '#')","('No Title', 'No Description', '#')","('No Title', 'No Description', '#')","('No Title', 'No Description', '#')","('No Title', 'No Description', '#')","('No Title', 'No Description', '#')","('No Title', 'No Description', '#')","('No Title', 'No Description', '#')"
mc,Monaco,"('No Title', 'No Description', '#')","('No Title', 'No Description', '#')","('No Title', 'No Description', '#')","('No Title', 'No Description', '#')","('No Title', 'No Description', '#')","('No Title', 'No Description', '#')","('No Title', 'No Description', '#')","('No Title', 'No Description', '#')","('No Title', 'No Description', '#')","('No Title', 'No Description', '#')"
mn,Mongolia,"('No Title', 'No Description', '#')","('No Title', 'No Description', '#')","('No Title', 'No Description', '#')","('No Title', 'No Description', '#')","('No Title', 'No Description', '#')","('No Title', 'No Description', '#')","('No Title', 'No Description', '#')","('No Title', 'No Description', '#')","('No Title', 'No Description', '#')","('No Title', 'No Description', '#')"
me,Montenegro,"('No Title', 'No Description', '#')","('No Title', 'No Description', '#')","('No Title', 'No Description', '#')","('No Title', 'No Description', '#')","('No Title', 'No Description', '#')","('No Title', 'No Description', '#')","('No Title', 'No Description', '#')","('No Title', 'No Description', '#')","('No Title', 'No Description', '#')","('No Title', 'No Description', '#')"
ma,Morocco,"('No Title', 'No Description', '#')","('No Title', 'No Description', '#')","('No Title', 'No Description', '#')","('No Title', 'No Description', '#')","('No Title', 'No Description', '#')","('No Title', 'No Description', '#')","('No Title', 'No Description', '#')","('No Title', 'No Description', '#')","('No Title', 'No Description', '#')","('No Title', 'No Description', '#')"
mz,Mozambique,"('No Title', 'No Description', '#')","('No Title', 'No Description', '#')","('No Title', 'No Description', '#')","('No Title', 'No Description', '#')","('No Title', 'No Description', '#')","('No Title', 'No Description', '#')","('No Title', 'No Description', '#')","('No Title', 'No Description', '#')","('No Title', 'No Description', '#')","('No Title', 'No Description', '#')"
mm,Myanmar,"('No Title', 'No Description', '#')","('No Title', 'No Description', '#')","('No Title', 'No Description', '#')","('No Title', 'No Description', '#')","('No Title', 'No Description', '#')","('No Title', 'No Description', '#')","('No Title', 'No Description', '#')","('No Title', 'No Description', '#')","('No Title', 'No Description', '#')","('No Title', 'No Description', '#')"
na,Namibia,"('No Title', 'No Description', '#')","('No Title', 'No Description', '#')","('No Title', 'No Description', '#')","('No Title', 'No Description', '#')","('No Title', 'No Description', '#')","('No Title', 'No Description', '#')","('No Title', 'No Description', '#')","('No Title', 'No Description', '#')","('No Title', 'No Description', '#')","('No Title', 'No Description', '#')"
nr,Nauru,"('No Title', 'No Description', '#')","('No Title', 'No Description', '#')","('No Title', 'No Description', '#')","('No Title', 'No Description', '#')","('No Title', 'No Description', '#')","('No Title', 'No Description', '#')","('No Title', 'No Description', '#')","('No Title', 'No Description', '#')","('No Title', 'No Description', '#')","('No Title', 'No Description', '#')"
np,Nepal,"('No Title', 'No Description', '#')","('No Title', 'No Description', '#')","('No Title', 'No Description', '#')","('No Title', 'No Description', '#')","('No Title', 'No Description', '#')","('No Title', 'No Description', '#')","('No Title', 'No Description', '#')","('No Title', 'No Description', '#')","('No Title', 'No Description', '#')","('No Title', 'No Description', '#')"
nl,Netherlands,"('No Title', 'No Description', '#')","('No Title', 'No Description', '#')","('No Title', 'No Description', '#')","('No Title', 'No Description', '#')","('No Title', 'No Description', '#')","('No Title', 'No Description', '#')","('No Title', 'No Description', '#')","('No Title', 'No Description', '#')","('No Title', 'No Description', '#')","('No Title', 'No Description', '#')"
nz,New Zealand,"('No Title', 'No Description', '#')","('No Title', 'No Description', '#')","('No Title', 'No Description', '#')","('No Title', 'No Description', '#')","('No Title', 'No Description', '#')","('No Title', 'No Description', '#')","('No Title', 'No Description', '#')","('No Title', 'No Description', '#')","('No Title', 'No Description', '#')","('No Title', 'No Description', '#')"
ni,Nicaragua,"('No Title', 'No Description', '#')","('No Title', 'No Description', '#')","('No Title', 'No Description', '#')","('No Title', 'No Description', '#')","('No Title', 'No Description', '#')","('No Title', 'No Description', '#')","('No Title', 'No Description', '#')","('No Title', 'No Description', '#')","('No Title', 'No Description', '#')","('No Title', 'No Description', '#')"
ne,Niger,"('No Title', 'No Description', '#')","('No Title', 'No Description', '#')","('No Title', 'No Description', '#')","('No Title', 'No Description', '#')","('No Title', 'No Description', '#')","('No Title', 'No Description', '#')","('No Title', 'No Description', '#')","('No Title', 'No Description', '#')","('No Title', 'No Description', '#')","('No Title', 'No Description', '#')"
ng,Nigeria,"('No Title', 'No Description', '#')","('No Title', 'No Description', '#')","('No Title', 'No Description', '#')","('No Title', 'No Description', '#')","('No Title', 'No Description', '#')","('No Title', 'No Description', '#')","('No Title', 'No Description', '#')","('No Title', 'No Description', '#')","('No Title', 'No Description', '#')","('No Title', 'No Description', '#')"
kp,North Korea,"('No Title', 'No Description', '#')","('No Title', 'No Description', '#')","('No Title', 'No Description', '#')","('No Title', 'No Description', '#')","('No Title', 'No Description', '#')","('No Title', 'No Description', '#')","('No Title', 'No Description', '#')","('No Title', 'No Description', '#')","('No Title', 'No Description', '#')","('No Title', 'No Description', '#')"
no,Norway,"('No Title', 'No Description', '#')","('No Title', 'No Description', '#')","('No Title', 'No Description', '#')","('No Title', 'No Description', '#')","('No Title', 'No Description', '#')","('No Title', 'No Description', '#')","('No Title', 'No Description', '#')","('No Title', 'No Description', '#')","('No Title', 'No Description', '#')","('No Title', 'No Description', '#')"
om,Oman,"('No Title', 'No Description', '#')","('No Title', 'No Description', '#')","('No Title', 'No Description', '#')","('No Title', 'No Description', '#')","('No Title', 'No Description', '#')","('No Title', 'No Description', '#')","('No Title', 'No Description', '#')","('No Title', 'No Description', '#')","('No Title', 'No Description', '#')","('No Title', 'No Description', '#')"
pk,Pakistan,"('No Title', 'No Description', '#')","('No Title', 'No Description', '#')","('No Title', 'No Description', '#')","('No Title', 'No Description', '#')","('No Title', 'No Description', '#')","('No Title', 'No Description', '#')","('No Title', 'No Description', '#')","('No Title', 'No Description', '#')","('No Title', 'No Description', '#')","('No Title', 'No Description', '#')"
pw,Palau,"('No Title', 'No Description', '#')","('No Title', 'No Description', '#')","('No Title', 'No Description', '#')","('No Title', 'No Description', '#')","('No Title', 'No Description', '#')","('No Title', 'No Description', '#')","('No Title', 'No Description', '#')","('No Title', 'No Description', '#')","('No Title', 'No Description', '#')","('No Title', 'No Description', '#')"
pa,Panama,"('No Title', 'No Description', '#')","('No Title', 'No Description', '#')","('No Title', 'No Description', '#')","('No Title', 'No Description', '#')","('No Title', 'No Description', '#')","('No Title', 'No Description', '#')","('No Title', 'No Description', '#')","('No Title', 'No Description', '#')","('No Title', 'No Description', '#')","('No Title', 'No Description', '#')"
pg,Papua New Guinea,"('No Title', 'No Description', '#')","('No Title', 'No Description', '#')","('No Title', 'No Description', '#')","('No Title', 'No Description', '#')","('No Title', 'No Description', '#')","('No Title', 'No Description', '#')","('No Title', 'No Description', '#')","('No Title', 'No Description', '#')","('No Title', 'No Description', '#')","('No Title', 'No Description', '#')"
py,Paraguay,"('No Title', 'No Description', '#')","('No Title', 'No Description', '#')","('No Title', 'No Description', '#')","('No Title', 'No Description', '#')","('No Title', 'No Description', '#')","('No Title', 'No Description', '#')","('No Title', 'No Description', '#')","('No Title', 'No Description', '#')","('No Title', 'No Description', '#')","('No Title', 'No Description', '#')"
pe,Peru,"('No Title', 'No Description', '#')","('No Title', 'No Description', '#')","('No Title', 'No Description', '#')","('No Title', 'No Description', '#')","('No Title', 'No Description', '#')","('No Title', 'No Description', '#')","('No Title', 'No Description', '#')","('No Title', 'No Description', '#')","('No Title', 'No Description', '#')","('No Title', 'No Description', '#')"
ph,Philippines,"('No Title', 'No Description', '#')","('No Title', 'No Description', '#')","('No Title', 'No Description', '#')","('No Title', 'No Description', '#')","('No Title', 'No Description', '#')","('No Title', 'No Description', '#')","('No Title', 'No Description', '#')","('No Title', 'No Description', '#')","('No Title', 'No Description', '#')","('No Title', 'No Description', '#')"
pl,Poland,"('No Title', 'No Description', '#')","('No Title', 'No Description', '#')","('No Title', 'No Description', '#')","('No Title', 'No Description', '#')","('No Title', 'No Description', '#')","('No Title', 'No Description', '#')","('No Title', 'No Description', '#')","('No Title', 'No Description', '#')","('No Title', 'No Description', '#')","('No Title', 'No Description', '#')"
pt,Portugal,"('No Title', 'No Description', '#')","('No Title', 'No Description', '#')","('No Title', 'No Description', '#')","('No Title', 'No Description', '#')","('No Title', 'No Description', '#')","('No Title', 'No Description', '#')","('No Title', 'No Description', '#')","('No Title', 'No Description', '#')","('No Title', 'No Description', '#')","('No Title', 'No Description', '#')"
pr,Puerto Rico,"('No Title', 'No Description', '#')","('No Title', 'No Description', '#')","('No Title', 'No Description', '#')","('No Title', 'No Description', '#')","('No Title', 'No Description', '#')","('No Title', 'No Description', '#')","('No Title', 'No Description', '#')","('No Title', 'No Description', '#')","('No Title', 'No Description', '#')","('No Title', 'No Description', '#')"
qa,Qatar,"('No Title', 'No Description', '#')","('No Title', 'No Description', '#')","('No Title', 'No Description', '#')","('No Title', 'No Description', '#')","('No Title', 'No Description', '#')","('No Title', 'No Description', '#')","('No Title', 'No Description', '#')","('No Title', 'No Description', '#')","('No Title', 'No Description', '#')","('No Title', 'No Description', '#')"
ro,Romania,"('No Title', 'No Description', '#')","('No Title', 'No Description', '#')","('No Title', 'No Description', '#')","('No Title', 'No Description', '#')","('No Title', 'No Description', '#')","('No Title', 'No Description', '#')","('No Title', 'No Description', '#')","('No Title', 'No Description', '#')","('No Title', 'No Description', '#')","('No Title', 'No Description', '#')"
ru,Russia,"('No Title', 'No Description', '#')","('No Title', 'No Description', '#')","('No Title', 'No Description', '#')","('No Title', 'No Description', '#')","('No Title', 'No Description', '#')","('No Title', 'No Description', '#')","('No Title', 'No Description', '#')","('No Title', 'No Description', '#')","('No Title', 'No Description', '#')","('No Title', 'No Description', '#')"
rw,Rwanda,"('No Title', 'No Description', '#')","('No Title', 'No Description', '#')","('No Title', 'No Description', '#')","('No Title', 'No Description', '#')","('No Title', 'No Description', '#')","('No Title', 'No Description', '#')","('No Title', 'No Description', '#')","('No Title', 'No Description', '#')","('No Title', 'No Description', '#')","('No Title', 'No Description', '#')"
ws,Samoa,"('No Title', 'No Description', '#')","('No Title', 'No Description', '#')","('No Title', 'No Description', '#')","('No Title', 'No Description', '#')","('No Title', 'No Description', '#')","('No Title', 'No Description', '#')","('No Title', 'No Description', '#')","('No Title', 'No Description', '#')","('No Title', 'No Description', '#')","('No Title', 'No Description', '#')"
sm,San Marino,"('No Title', 'No Description', '#')","('No Title', 'No Description', '#')","('No Title', 'No Description', '#')","('No Title', 'No Description', '#')","('No Title', 'No Description', '#')","('No Title', 'No Description', '#')","('No Title', 'No Description', '#')","('No Title', 'No Description', '#')","('No Title', 'No Description', '#')","('No Title', 'No Description', '#')"
sa,Saudi Arabia,"('No Title', 'No Description', '#')","('No Title', 'No Description', '#')","('No Title', 'No Description', '#')","('No Title', 'No Description', '#')","('No Title', 'No Description', '#')","('No Title', 'No Description', '#')","('No Title', 'No Description', '#')","('No Title', 'No Description', '#')","('No Title', 'No Description', '#')","('No Title', 'No Description', '#')"
sn,Senegal,"('No Title', 'No Description', '#')","('No Title', 'No Description', '#')","('No Title', 'No Description', '#')","('No Title', 'No Description', '#')","('No Title', 'No Description', '#')","('No Title', 'No Description', '#')","('No Title', 'No Description', '#')","('No Title', 'No Description', '#')","('No Title', 'No Description', '#')","('No Title', 'No Description', '#')"
rs,Serbia,"('No Title', 'No Description', '#')","('No Title', 'No Description', '#')","('No Title', 'No Description', '#')","('No Title', 'No Description', '#')","('No Title', 'No Description', '#')","('No Title', 'No Description', '#')","('No Title', 'No Description', '#')","('No Title', 'No Description', '#')","('No Title', 'No Description', '#')","('No Title', 'No Description', '#')"
sc,Seychelles,"('No Title', 'No Description', '#')","('No Title', 'No Description', '#')","('No Title', 'No Description', '#')","('No Title', 'No Description', '#')","('No Title', 'No Description', '#')","('No Title', 'No Description', '#')","('No Title', 'No Description', '#')","('No Title', 'No Description', '#')","('No Title', 'No Description', '#')","('No Title', 'No Description', '#')"
sl,Sierra Leone,"('No Title', 'No Description', '#')","('No Title', 'No Description', '#')","('No Title', 'No Description', '#')","('No Title', 'No Description', '#')","('No Title', 'No Description', '#')","('No Title', 'No Description', '#')","('No Title', 'No Description', '#')","('No Title', 'No Description', '#')","('No Title', 'No Description', '#')","('No Title', 'No Description', '#')"
sg,Singapore,"('No Title', 'No Description', '#')","('No Title', 'No Description', '#')","('No Title', 'No Description', '#')","('No Title', 'No Description', '#')","('No Title', 'No Description', '#')","('No Title', 'No Description', '#')","('No Title', 'No Description', '#')","('No Title', 'No Description', '#')","('No Title', 'No Description', '#')","('No Title', 'No Description', '#')"
sk,Slovakia,"('No Title', 'No Description', '#')","('No Title', 'No Description', '#')","('No Title', 'No Description', '#')","('No Title', 'No Description', '#')","('No Title', 'No Description', '#')","('No Title', 'No Description', '#')","('No Title', 'No Description', '#')","('No Title', 'No Description', '#')","('No Title', 'No Description', '#')","('No Title', 'No Description', '#')"
si,Slovenia,"('No Title', 'No Description', '#')","('No Title', 'No Description', '#')","('No Title', 'No Description', '#')","('No Title', 'No Description', '#')","('No Title', 'No Description', '#')","('No Title', 'No Description', '#')","('No Title', 'No Description', '#')","('No Title', 'No Description', '#')","('No Title', 'No Description', '#')","('No Title', 'No Description', '#')"
sb,Solomon Islands,"('No Title', 'No Description', '#')","('No Title', 'No Description', '#')","('No Title', 'No Description', '#')","('No Title', 'No Description', '#')","('No Title', 'No Description', '#')","('No Title', 'No Description', '#')","('No Title', 'No Description', '#')","('No Title', 'No Description', '#')","('No Title', 'No Description', '#')","('No Title', 'No Description', '#')"
so,Somalia,"('No Title', 'No Description', '#')","('No Title', 'No Description', '#')","('No Title', 'No Description', '#')","('No Title', 'No Description', '#')","('No Title', 'No Description', '#')","('No Title', 'No Description', '#')","('No Title', 'No Description', '#')","('No Title', 'No Description', '#')","('No Title', 'No Description', '#')","('No Title', 'No Description', '#')"
za,South Africa,"('No Title', 'No Description', '#')","('No Title', 'No Description', '#')","('No Title', 'No Description', '#')","('No Title', 'No Description', '#')","('No Title', 'No Description', '#')","('No Title', 'No Description', '#')","('No Title', 'No Description', '#')","('No Title', 'No Description', '#')","('No Title', 'No Description', '#')","('No Title', 'No Description', '#')"
kr,South Korea,"('No Title', 'No Description', '#')","('No Title', 'No Description', '#')","('No Title', 'No Description', '#')","('No Title', 'No Description', '#')","('No Title', 'No Description', '#')","('No Title', 'No Description', '#')","('No Title', 'No Description', '#')","('No Title', 'No Description', '#')","('No Title', 'No Description', '#')","('No Title', 'No Description', '#')"
es,Spain,"('No Title', 'No Description', '#')","('No Title', 'No Description', '#')","('No Title', 'No Description', '#')","('No Title', 'No Description', '#')","('No Title', 'No Description', '#')","('No Title', 'No Description', '#')","('No Title', 'No Description', '#')","('No Title', 'No Description', '#')","('No Title', 'No Description', '#')","('No Title', 'No Description', '#')"
lk,Sri Lanka,"('No Title', 'No Description', '#')","('No Title', 'No Description', '#')","('No Title', 'No Description', '#')","('No Title', 'No Description', '#')","('No Title', 'No Description', '#')","('No Title', 'No Description', '#')","('No Title', 'No Description', '#')","('No Title', 'No Description', '#')","('No Title', 'No Description', '#')","('No Title', 'No Description', '#')"
sd,Sudan,"('No Title', 'No Description', '#')","('No Title', 'No Description', '#')","('No Title', 'No Description', '#')","('No Title', 'No Description', '#')","('No Title', 'No Description', '#')","('No Title', 'No Description', '#')","('No Title', 'No Description', '#')","('No Title', 'No Description', '#')","('No Title', 'No Description', '#')","('No Title', 'No Description', '#')"
sr,Suriname,"('No Title', 'No Description', '#')","('No Title', 'No Description', '#')","('No Title', 'No Description', '#')","('No Title', 'No Description', '#')","('No Title', 'No Description', '#')","('No Title', 'No Description', '#')","('No Title', 'No Description', '#')","('No Title', 'No Description', '#')","('No Title', 'No Description', '#')","('No Title', 'No Description', '#')"
se,Sweden,"('No Title', 'No Description', '#')","('No Title', 'No Description', '#')","('No Title', 'No Description', '#')","('No Title', 'No Description', '#')","('No Title', 'No Description', '#')","('No Title', 'No Description', '#')","('No Title', 'No Description', '#')","('No Title', 'No Description', '#')","('No Title', 'No Description', '#')","('No Title', 'No Description', '#')"
ch,Switzerland,"('No Title', 'No Description', '#')","('No Title', 'No Description', '#')","('No Title', 'No Description', '#')","('No Title', 'No Description', '#')","('No Title', 'No Description', '#')","('No Title', 'No Description', '#')","('No Title', 'No Description', '#')","('No Title', 'No Description', '#')","('No Title', 'No Description', '#')","('No Title', 'No Description', '#')"
sy,Syria,"('No Title', 'No Description', '#')","('No Title', 'No Description', '#')","('No Title', 'No Description', '#')","('No Title', 'No Description', '#')","('No Title', 'No Description', '#')","('No Title', 'No Description', '#')","('No Title', 'No Description', '#')","('No Title', 'No Description', '#')","('No Title', 'No Description', '#')","('No Title', 'No Description', '#')"
tw,Taiwan,"('No Title', 'No Description', '#')","('No Title', 'No Description', '#')","('No Title', 'No Description', '#')","('No Title', 'No Description', '#')","('No Title', 'No Description', '#')","('No Title', 'No Description', '#')","('No Title', 'No Description', '#')","('No Title', 'No Description', '#')","('No Title', 'No Description', '#')","('No Title', 'No Description', '#')"
tj,Tajikistan,"('No Title', 'No Description', '#')","('No Title', 'No Description', '#')","('No Title', 'No Description', '#')","('No Title', 'No Description', '#')","('No Title', 'No Description', '#')","('No Title', 'No Description', '#')","('No Title', 'No Description', '#')","('No Title', 'No Description', '#')","('No Title', 'No Description', '#')","('No Title', 'No Description', '#')"
tz,Tanzania,"('No Title', 'No Description', '#')","('No Title', 'No Description', '#')","('No Title', 'No Description', '#')","('No Title', 'No Description', '#')","('No Title', 'No Description', '#')","('No Title', 'No Description', '#')","('No Title', 'No Description', '#')","('No Title', 'No Description', '#')","('No Title', 'No Description', '#')","('No Title', 'No Description', '#')"
th,Thailand,"('No Title', 'No Description', '#')","('No Title', 'No Description', '#')","('No Title', 'No Description', '#')","('No Title', 'No Description', '#')","('No Title', 'No Description', '#')","('No Title', 'No Description', '#')","('No Title', 'No Description', '#')","('No Title', 'No Description', '#')","('No Title', 'No Description', '#')","('No Title', 'No Description', '#')"
tl,Timor-Leste,"('No Title', 'No Description', '#')","('No Title', 'No Description', '#')","('No Title', 'No Description', '#')","('No Title', 'No Description', '#')","('No Title', 'No Description', '#')","('No Title', 'No Description', '#')","('No Title', 'No Description', '#')","('No Title', 'No Description', '#')","('No Title', 'No Description', '#')","('No Title', 'No Description', '#')"
tg,Togo,"('No Title', 'No Description', '#')","('No Title', 'No Description', '#')","('No Title', 'No Description', '#')","('No Title', 'No Description', '#')","('No Title', 'No Description', '#')","('No Title', 'No Description', '#')","('No Title', 'No Description', '#')","('No Title', 'No Description', '#')","('No Title', 'No Description', '#')","('No Title', 'No Description', '#')"
to,Tonga,"('No Title', 'No Description', '#')","('No Title', 'No Description', '#')","('No Title', 'No Description', '#')","('No Title', 'No Description', '#')","('No Title', 'No Description', '#')","('No Title', 'No Description', '#')","('No Title', 'No Description', '#')","('No Title', 'No Description', '#')","('No Title', 'No Description', '#')","('No Title', 'No Description', '#')"
tn,Tunisia,"('No Title', 'No Description', '#')","('No Title', 'No Description', '#')","('No Title', 'No Description', '#')","('No Title', 'No Description', '#')","('No Title', 'No Description', '#')","('No Title', 'No Description', '#')","('No Title', 'No Description', '#')","('No Title', 'No Description', '#')","('No Title', 'No Description', '#')","('No Title', 'No Description', '#')"
tr,Turkey,"('No Title', 'No Description', '#')","('No Title', 'No Description', '#')","('No Title', 'No Description', '#')","('No Title', 'No Description', '#')","('No Title', 'No Description', '#')","('No Title', 'No Description', '#')","('No Title', 'No Description', '#')","('No Title', 'No Description', '#')","('No Title', 'No Description', '#')","('No Title', 'No Description', '#')"
tm,Turkmenistan,"('No Title', 'No Description', '#')","('No Title', 'No Description', '#')","('No Title', 'No Description', '#')","('No Title', 'No Description', '#')","('No Title', 'No Description', '#')","('No Title', 'No Description', '#')","('No Title', 'No Description', '#')","('No Title', 'No Description', '#')","('No Title', 'No Description', '#')","('No Title', 'No Description', '#')"
tv,Tuvalu,"('No Title', 'No Description', '#')","('No Title', 'No Description', '#')","('No Title', 'No Description', '#')","('No Title', 'No Description', '#')","('No Title', 'No Description', '#')","('No Title', 'No Description', '#')","('No Title', 'No Description', '#')","('No Title', 'No Description', '#')","('No Title', 'No Description', '#')","('No Title', 'No Description', '#')"
ug,Uganda,"('No Title', 'No Description', '#')","('No Title', 'No Description', '#')","('No Title', 'No Description', '#')","('No Title', 'No Description', '#')","('No Title', 'No Description', '#')","('No Title', 'No Description', '#')","('No Title', 'No Description', '#')","('No Title', 'No Description', '#')","('No Title', 'No Description', '#')","('No Title', 'No Description', '#')"
ua,Ukraine,"('No Title', 'No Description', '#')","('No Title', 'No Description', '#')","('No Title', 'No Description', '#')","('No Title', 'No Description', '#')","('No Title', 'No Description', '#')","('No Title', 'No Description', '#')","('No Title', 'No Description', '#')","('No Title', 'No Description', '#')","('No Title', 'No Description', '#')","('No Title', 'No Description', '#')"
ae,United Arab Emirates,"('No Title', 'No Description', '#')","('No Title', 'No Description', '#')","('No Title', 'No Description', '#')","('No Title', 'No Description', '#')","('No Title', 'No Description', '#')","('No Title', 'No Description', '#')","('No Title', 'No Description', '#')","('No Title', 'No Description', '#')","('No Title', 'No Description', '#')","('No Title', 'No Description', '#')"
gb,United Kingdom,"('No Title', 'No Description', '#')","('No Title', 'No Description', '#')","('No Title', 'No Description', '#')","('No Title', 'No Description', '#')","('No Title', 'No Description', '#')","('No Title', 'No Description', '#')","('No Title', 'No Description', '#')","('No Title', 'No Description', '#')","('No Title', 'No Description', '#')","('No Title', 'No Description', '#')"
us,United States of America,"('No Title', 'No Description', '#')","('No Title', 'No Description', '#')","('No Title', 'No Description', '#')","('No Title', 'No Description', '#')","('No Title', 'No Description', '#')","('No Title', 'No Description', '#')","('No Title', 'No Description', '#')","('No Title', 'No Description', '#')","('No Title', 'No Description', '#')","('No Title', 'No Description', '#')"
uy,Uruguay,"('No Title', 'No Description', '#')","('No Title', 'No Description', '#')","('No Title', 'No Description', '#')","('No Title', 'No Description', '#')","('No Title', 'No Description', '#')","('No Title', 'No Description', '#')","('No Title', 'No Description', '#')","('No Title', 'No Description', '#')","('No Title', 'No Description', '#')","('No Title', 'No Description', '#')"
uz,Uzbekistan,"('No Title', 'No Description', '#')","('No Title', 'No Description', '#')","('No Title', 'No Description', '#')","('No Title', 'No Description', '#')","('No Title', 'No Description', '#')","('No Title', 'No Description', '#')","('No Title', 'No Description', '#')","('No Title', 'No Description', '#')","('No Title', 'No Description', '#')","('No Title', 'No Description', '#')"
vu,Vanuatu,"('No Title', 'No Description', '#')","('No Title', 'No Description', '#')","('No Title', 'No Description', '#')","('No Title', 'No Description', '#')","('No Title', 'No Description', '#')","('No Title', 'No Description', '#')","('No Title', 'No Description', '#')","('No Title', 'No Description', '#')","('No Title', 'No Description', '#')","('No Title', 'No Description', '#')"
va,Vatican,"('No Title', 'No Description', '#')","('No Title', 'No Description', '#')","('No Title', 'No Description', '#')","('No Title', 'No Description', '#')","('No Title', 'No Description', '#')","('No Title', 'No Description', '#')","('No Title', 'No Description', '#')","('No Title', 'No Description', '#')","('No Title', 'No Description', '#')","('No Title', 'No Description', '#')"
ve,Venezuela,"('No Title', 'No Description', '#')","('No Title', 'No Description', '#')","('No Title', 'No Description', '#')","('No Title', 'No Description', '#')","('No Title', 'No Description', '#')","('No Title', 'No Description', '#')","('No Title', 'No Description', '#')","('No Title', 'No Description', '#')","('No Title', 'No Description', '#')","('No Title', 'No Description', '#')"
vi,Vietnam,"('No Title', 'No Description', '#')","('No Title', 'No Description', '#')","('No Title', 'No Description', '#')","('No Title', 'No Description', '#')","('No Title', 'No Description', '#')","('No Title', 'No Description', '#')","('No Title', 'No Description', '#')","('No Title', 'No Description', '#')","('No Title', 'No Description', '#')","('No Title', 'No Description', '#')"
ye,Yemen,"('No Title', 'No Description', '#')","('No Title', 'No Description', '#')","('No Title', 'No Description', '#')","('No Title', 'No Description', '#')","('No Title', 'No Description', '#')","('No Title', 'No Description', '#')","('No Title', 'No Description', '#')","('No Title', 'No Description', '#')","('No Title', 'No Description', '#')","('No Title', 'No Description', '#')"
zm,Zambia,"('No Title', 'No Description', '#')","('No Title', 'No Description', '#')","('No Title', 'No Description', '#')","('No Title', 'No Description', '#')","('No Title', 'No Description', '#')","('No Title', 'No Description', '#')","('No Title', 'No Description', '#')","('No Title', 'No Description', '#')","('No Title', 'No Description', '#')","('No Title', 'No Description', '#')"
zw,Zimbabwe,"('No Title', 'No Description', '#')","('No Title', 'No Description', '#')","('No Title', 'No Description', '#')","('No Title', 'No Description', '#')","('No Title', 'No Description', '#')","('No Title', 'No Description', '#')","('No Title', 'No Description', '#')","('No Title', 'No Description', '#')","('No Title', 'No Description', '#')","('No Title', 'No Description', '#')"
