Country,Researcher,Titles 1,Links 1,Titles 2,Links 2,Titles 3,Links 3,Titles 4,Links 4,Titles 5,LInks 5
Afghanistan,Lakshay,"['us', 'announces', 'withdrawal', 'from', 'afghanistan', 'after', 'years', 'august']",https://www.factcheck.org/2021/08/timeline-of-u-s-withdrawal-from-afghanistan/,"['taliban', 'seize', 'kabul', 'as', 'afghan', 'government', 'collapses', 'august']",https://apnews.com/article/afghanistan-taliban-kabul-bagram-e1ed33fe0c665ee67ba132c51b8e32a5,"['scramble', 'to', 'evacuate', 'kabul', 'as', 'taliban', 'takeover', 'creates', 'chaos', 'august']",https://www.wsj.com/articles/three-killed-in-kabul-airport-as-afghans-scramble-to-escape-taliban-11629096273,"['humanitarian', 'crisis', 'deepens', 'in', 'afghanistan', 'under', 'taliban', 'rule', 'various', 'reports']",https://www.usip.org/publications/2022/08/year-taliban-rule-afghans-face-spiraling-economic-humanitarian-crises,"['uncertain', 'future', 'for', 'womens', 'rights', 'in', 'afghanistan']",https://www.brookings.edu/articles/the-fate-of-womens-rights-in-afghanistan/
Armenia,Lakshay,"['velvet', 'revolution']",https://www.bbc.com/news/world-europe-43948181,"['nagornokarabakh', 'war']",https://www.cfr.org/global-conflict-tracker/conflict/nagorno-karabakh-conflict,"['armeniaturkey', 'normalization', 'talks']",https://www.rferl.org/a/turkey-armenia-talks-nagorno-karabakh/31749816.html,"['economic', 'reforms', 'eu', 'relations']",https://www.cfr.org/interview/armenias-tricky-eu-russia-balancing-act,"['parliament', 'votes', 'to', 'join', 'international', 'criminal', 'court']",https://www.theguardian.com/world/2023/oct/03/armenias-parliament-defies-russia-in-vote-to-join-international-criminal-court
Azerbaijan,Lakshay,"['nagornokarabakh', 'war']",https://www.cfr.org/global-conflict-tracker/conflict/nagorno-karabakh-conflict,"['discovery', 'of', 'gas', 'reserves']",https://www.iea.org/reports/azerbaijan-energy-profile/energy-security,"['caspian', 'sea', 'development']",https://www.iucn.org/news/protected-areas/201802/azerbaijan-create-first-marine-protected-area-caspian-sea,"['political', 'reforms', 'opposition', 'crackdown']",https://www.amnesty.org/en/latest/news/2021/12/azerbaijan-stop-crackdown-on-opposition-politicians/,"['relations', 'with', 'iran']",https://eurasianet.org/azerbaijan-iran-normalization-on-the-horizon
Bahrain,Lakshay,"['arab', 'spring', 'protests']",https://www.reuters.com/article/us-bahrain-uprising-timeline/timeline-the-2011-uprising-in-bahrain-and-whats-happened-since-idUSKBN2AG1K6/,"['shia', 'unrest', 'sectarian', 'tensions']",https://www.aljazeera.com/features/2011/5/1/shia-in-bahrain-repression-and-regression,"['normalization', 'with', 'israel']",https://www.jpost.com/israel-news/trump-expected-to-announce-historic-bahrain-israel-normalization-agreement-641961,"['economic', 'diversification', 'efforts']",https://www.researchgate.net/publication/327283913_Economic_Diversification_in_Bahrain,"['us', 'military', 'presence']",https://www.atlanticcouncil.org/blogs/new-atlanticist/bahrain-us-strategic-pact-gulf/
Bangladesh,Lakshay,"['rohingya', 'refugee', 'crisis', 'ongoing']",https://www.unocha.org/asia-and-pacific,"['readymade', 'garment', 'industry']",https://en.wikipedia.org/wiki/Textile_industry_in_Bangladesh,"['cyclone', 'disasters', 'climate', 'change']",https://www.climaterealityproject.org/blog/how-climate-crisis-impacting-bangladesh,"['digital', 'transformation', 'tech', 'innovation']",https://www.undp.org/bangladesh/blog/digital-bangladesh-innovative-bangladesh-road-2041,"['political', 'landscape', 'elections']",https://freedomhouse.org/country/bangladesh/freedom-world/2023
Bhutan,Lakshay,"['king', 'jigme', 'khesar', 'namgyel', 'wangchucks', 'coronation']",https://www.patagonia.com/stories/bhutan/story-19990.html,"['focus', 'on', 'gross', 'national', 'happiness', 'gnh']",https://www.investopedia.com/terms/g/gnh.asp,"['ecotourism', 'conservation', 'efforts']",https://www.worldwildlife.org/projects/bhutan-committed-to-conservation,"['hydropower', 'development', 'energy', 'exports']",https://www.adb.org/features/bhutan-s-hydropower-sector-12-things-know,"['media', 'reforms', 'freedom', 'of', 'expression']",https://thediplomat.com/2018/08/when-freedom-of-expression-isnt-free-journalism-facebook-and-censorship-in-bhutan/
Brunei,Lakshay,"['sultan', 'hassanal', 'bolkiahs', 'golden', 'jubilee']",https://www.scmp.com/news/asia/southeast-asia/article/2114128/golden-jubilee-brunei-celebrates-50-years-throne-sultan,"['bruneis', 'sharia', 'law']",https://www.bbc.com/news/world-asia-47906070,"['economic', 'diversification', 'challenges']",https://amro-asia.org/brunei-darussalam-further-economic-diversification-efforts-needed-to-maintain-recovery-momentum/,"['environmental', 'issues', 'deforestation']",https://journals.plos.org/plosone/article?id=10.1371/journal.pone.0069679,"['brunei', 'asean', 'relations']",https://en.wikipedia.org/wiki/Foreign_relations_of_Brunei
Cambodia,Lakshay,"['trial', 'of', 'khmer', 'rouge', 'leaders']",https://www.usip.org/publications/2022/10/never-again-legacy-cambodias-khmer-rouge-trials,"['angkor', 'wat', 'restoration', 'efforts']",https://www.latimes.com/archives/la-xpm-1989-08-06-mn-186-story.html,"['cambodiachina', 'relations']",https://www.rfa.org/english/news/special/chinacambodia/relation.html,"['land', 'disputes', 'social', 'unrest']",https://www.dandc.eu/en/article/why-land-disputes-have-become-serious-and-persistent-issue-cambodia,"['garment', 'industry', 'labor', 'rights']",https://borgenproject.org/labor-rights-violations-cambodian-garment-industry/
China,Lakshay,"['covid', 'pandemic', 'present']",https://karger.com/dmj/article/3/2/44/106842/China-s-Response-to-the-COVID-19-Outbreak-A-Model,"['chinas', 'belt', 'and', 'road', 'initiative', 'bri']",https://www.usip.org/publications/2023/10/why-china-rebooting-belt-and-road-initiative,"['tensions', 'in', 'the', 'south', 'china', 'sea']",https://www.bloomberg.com/graphics/2020-south-china-sea-miscalculation/,"['chinas', 'economic', 'slowdown']",https://piie.com/blogs/realtime-economics/how-serious-chinas-economic-slowdown,"['tech', 'innovation', 'ai', 'development']",https://cset.georgetown.edu/article/in-out-of-china-financial-support-for-ai-development/
Cyprus,Avinash,"['cyprus', 'minister', 'says', 'his', 'nation', 'leads', 'eu', 'in', 'repatriations', 'and', 'migrant', 'arrivals', 'are', 'down', 'sharply']",https://apnews.com/article/cyprus-migrants-repatriations-arrivals-asylum-aedf8a17e9055d824b362377c58a0314,"['cyprus', 'calls', 'for', 'eu', 'rethink', 'on', 'syria', 'migration', 'as', 'refugee', 'numbers', 'rise']",https://cyprus-mail.com/2023/12/14/cyprus-calls-for-eu-rethink-on-syria-migration-as-refugee-numbers-rise/,"['cyprus', 'sets', 'new', 'eu', 'trend', 'on', 'migrant', 'repatriation']",https://etias.com/articles/cyprus-eu-migrant-repatriation-trend,"['holistic', 'approach', 'needed', 'on', 'migration', 'cyprus', 'says', 'not', 'just', 'cash']",https://www.usnews.com/news/world/articles/2024-02-12/holistic-approach-needed-on-migration-cyprus-says-not-just-cash,"['cyprus’', 'refugee', 'crisis', 'risks', 'boiling', 'over']",https://www.politico.eu/article/cyprus-buffeted-by-influx-of-asylum-seekers-kofinou-camp-migration/
Georgia,Avinash,"['new', 'approaches', 'to', 'reintegration', 'of', 'returning', 'migrants', 'in', 'georgia']",https://georgia.iom.int/news/new-approaches-reintegration-returning-migrants-georgia,"['the', 'rise', 'of', 'atlanta', 'the', 'reason', 'behind', 'migration', 'to', 'atlanta']",https://emoryeconomicsreview.org/articles/2021/10/31/the-rise-of-atlanta-the-reason-behind-migration-to-atlanta,"['georgia', 'is', 'just', 'peachy', 'the', 'migration', 'report']",https://www.movebuddha.com/blog/moving-to-georgia-migration-report/,"['migration', 'profiles', 'of', 'georgia']",https://migration.commission.ge/index.php?article_id=117&clang=1,"['national', 'study', 'of', 'reintegration', 'outcomes', 'among', 'returned', 'migrants', 'in', 'georgia']",https://georgia.iom.int/sites/g/files/tmzbdl1311/files/iom_reintegration-outcomes-georgia-study-june-2021.pdf
India,Avinash,"['indian', 'migrations', 'where', 'indians', 'are', 'headed', 'and', 'why']",https://economictimes.indiatimes.com/nri/migrate/indians-are-leaving-the-country-in-droves-heres-where-they-are-headed-and-why/articleshow/96847173.cms,"['the', 'rise', 'of', 'atlanta', 'the', 'reason', 'behind', 'migration', 'to', 'atlanta']",https://www.businessinsider.in/india/news/how-india-has-transformed-in-the-last-10-years-according-to-morgan-stanley/slidelist/100671078.cms,"['india’s', 'transformation', 'in', 'the', 'last', 'decade', 'insights', 'by', 'morgan', 'stanley']",https://www.businessinsider.in/india/news/how-india-has-transformed-in-the-last-10-years-according-to-morgan-stanley/slidelist/100671078.cms,"['student', 'migration', 'from', 'northeast', 'india', 'trends', 'and', 'challenges']","https://iasp.ac.in/uploads/journal/3.%20Student%20Migration%20from%20North-East%20India%20Level,%20Trend,%20Pattern%20and%20Challenges-1669206493.pdf","['renouncing', 'citizenship', 'trends', 'and', 'implications']",https://economictimes.indiatimes.com/nri/migrate/indians-are-leaving-the-country-in-droves-heres-where-they-are-headed-and-why/articleshow/96847173.cms
Indonesia,Avinash,"['desperation', 'grows', 'as', 'closed', 'borders', 'trap', 'refugees', 'in', 'indonesia']",https://www.thenewhumanitarian.org/news-feature/2021/3/22/in-indonesia-desperation-grows-for-refugees-trapped-in-limbo-for-years,"['desperation', 'grows', 'as', 'closed', 'borders', 'trap', 'refugees', 'in', 'indonesia']",https://www.thenewhumanitarian.org/news-feature/2021/3/22/in-indonesia-desperation-grows-for-refugees-trapped-in-limbo-for-years,"['recent', 'trends', 'in', 'emigration', 'from', 'indonesia']",https://www.oecd-ilibrary.org/sites/f12f95cd-en/index.html?itemId=/content/component/f12f95cd-en,"['tracing', 'migration', 'patterns', 'across', 'indonesia']",https://medium.com/un-global-pulse/tracing-migration-patterns-across-indonesia-66ffa73b54cf,"['iom', 'launches', 'a', 'collaborative', 'effort', 'with', 'the', 'government', 'of', 'indonesia', 'to', 'combat', 'migrationrelated', 'transnational', 'organized', 'crime', 'at', 'sea']",https://indonesia.iom.int/news/iom-launches-collaborative-effort-government-indonesia-combat-migration-related-transnational-organized-crime-sea
Iran,Avinash,"['iran', 'becomes', 'the', 'second', 'largest', 'refugee', 'hosting', 'country', 'as', 'forced', 'displacement', 'hits', 'new', 'record', 'high', 'globally']",https://www.unhcr.org/ir/2023/06/14/iran-becomes-the-second-largest-refugee-hosting-country-as-forced-displacement-hits-new-record-high-globally/,"['the', 'causes', 'and', 'consequences', 'of', 'iran’s', 'unprecedented', 'migration', 'surge']",https://irannewsupdate.com/news/society/the-causes-and-consequences-of-irans-unprecedented-migration-surge/,"['iranian', 'migration', 'observatory', 'iran', 'tops', 'global', 'immigration', 'rates']",https://ifpnews.com/iranian-migration-observatory-iran-tops-global-immigration-rates/,"['iran’s', 'inclusive', 'policies', 'for', 'refugees']",https://www.unhcr.org/ir/2023/06/14/iran-becomes-the-second-largest-refugee-hosting-country-as-forced-displacement-hits-new-record-high-globally/,"['iran’s', 'migration', 'surge']",https://irannewsupdate.com/news/society/the-causes-and-consequences-of-irans-unprecedented-migration-surge/
Iraq,Avinash,"['first', 'ever', 'assessment', 'of', 'migration', 'governance', 'in', 'iraq', 'highlights', 'good', 'practices', 'areas', 'for', 'further', 'development']",https://iraq.iom.int/news/first-ever-assessment-migration-governance-iraq-highlights-good-practices-areas-further-development,"['iraq', 'and', 'migration', '–', 'what', 'challenges', 'face', 'the', 'new', 'administration']",https://www.icmpd.org/news/iraq-and-migration-what-challenges-face-the-new-administration,"['returning', 'from', 'abroad', 'experiences', 'needs', 'and', 'vulnerabilities', 'of', 'migrants', 'returning', 'to', 'iraq']","https://iraqdtm.iom.int/files/BorderMonitoring/20237133622750_IOM%20Returning%20from%20Abroad%20-%20Experiences,%20Needs%20and%20Vulnerabilities%20of%20Migrants%20Returning%20to%20Iraq.pdf","['iraq', '–', 'migration', 'into', 'a', 'fragile', 'setting', 'responding', 'to', 'climateinduced', 'informal', 'urbanization', 'and', 'inequality', 'in', 'basra']",https://dtm.iom.int/reports/iraq-migration-fragile-setting-responding-climate-induced-informal-urbanization-and,"['realities', 'of', 'climateinduced', 'migration', 'in', 'iraq’s', 'southern', 'cities']",https://iraq.un.org/en/152542-realities-climate-induced-migration-iraq%E2%80%99s-southern-cities-new-iom-report
Israel,Avinash,"['israel’s', 'population', 'up', 'to', 'million', 'though', 'growth', 'rate', 'immigration', 'down']",https://www.timesofisrael.com/israels-population-up-to-9-25-million-but-growth-rate-immigration-down/,"['jews’', 'reverse', 'immigration', 'from', 'israel', 'is', 'on', 'the', 'rise']",https://www.middleeastmonitor.com/20231006-jews-reverse-immigration-from-israel-is-on-the-rise/,"['report', 'nearly', 'm', 'israelis', 'left', 'israel', 'after', 'october']",https://www.middleeastmonitor.com/20231207-report-nearly-0-5m-israelis-left-israel-after-7-october/,"['immigration', 'to', 'israel', 'falls', 'sharply', 'in']",https://en.globes.co.il/en/article-immigration-to-israel-falls-sharply-in-2023-1001465767,"['increase', 'in', 'jewish', 'immigration', 'to', 'israel', 'so', 'far', 'this', 'year']",https://www.timesofisrael.com/31-increase-in-jewish-immigration-to-israel-in-2021-so-far/
Japan,Avinash,"['what', 'are', 'anime', 'waifus', '—', 'and', 'why', 'are', 'they', 'so', 'popular']",https://www.cbr.com/anime-waifu-popularity-explained/,"['japan’s', 'anime', 'and', 'manga', 'culture', 'a', 'fascinating', 'look', 'into', 'the', 'world', 'of', 'anime', 'and', 'manga']",https://medium.com/east-asia/the-rise-of-anime-and-manga-in-japan-a-cultural-shift-that-has-captivated-the-world-8cea12166720,"['japan', 'is', 'bringing', 'in', 'more', 'foreigners', 'than', 'you', 'think']",https://www.washingtonpost.com/business/2023/08/03/foreign-workers-japan-quietly-prepares-for-more-immigration/06841b84-3245-11ee-85dd-5c3c97d6acda_story.html,"['while', 'migration', 'to', 'tokyo', 'surges', 'other', 'prefectures', 'dwindle']",https://www.asahi.com/ajw/articles/15140199,"['japan’s', 'changing', 'immigration', 'and', 'refugee', 'policy']",https://thediplomat.com/2021/03/japans-changing-immigration-and-refugee-policy/
Jordan,Avinash,"['refugees', 'create', 'demographic', 'economic', 'environmental', 'security', 'challenges', 'for', 'jordan']",https://www.jordantimes.com/news/local/refugees-create-demographic-economic-environmental-security-challenges-jordan-%E2%80%94-hpc,"['are', 'people', 'moving', 'to', 'urban', 'areas', 'in', 'jordan', 'because', 'of', 'climate', 'change']",https://www.theigc.org/sites/default/files/2023-09/Jordan%20policy%20memo%20on%20migration_0.pdf,"['jordan’s', 'changing', 'socioeconomic', 'landscape']",https://reporting.unhcr.org/files/2023-06/MENA%20-%20Jordan.pdf,"['jordan', 'is', 'bringing', 'in', 'more', 'foreigners', 'than', 'you', 'think']",https://reporting.unhcr.org/files/2023-06/MENA%20-%20Jordan.pdf,"['jordan', 'today’s', 'latest', 'from', 'al', 'jazeera']",https://www.aljazeera.com/where/jordan/
Kazakhstan,Avinash,"['kazakhstan', 'is', 'central', 'asia’s', 'migration', 'outlier']",https://eurasianet.org/perspectives-kazakhstan-is-central-asias-migration-outlier,"['kazakhstan’s', 'changing', 'migration', 'patterns']",https://cabar.asia/en/what-is-the-new-migration-policy-of-kazakhstan-going-to-be,"['kazakhstan’s', 'migration', 'policy', 'delivers', 'first', 'in', 'decade', 'positive', 'migration', 'balance']",https://astanatimes.com/2023/08/kazakhstans-migration-policy-delivers-first-in-decade-positive-migration-balance/,"['kazakhstan’s', 'migration', 'policy', 'delivers', 'first', 'in', 'decade', 'positive', 'migration', 'balance']",https://astanatimes.com/2023/08/kazakhstans-migration-policy-delivers-first-in-decade-positive-migration-balance/,"['unified', 'migration', 'regulation', 'system', 'to', 'be', 'introduced', 'in', 'kazakhstan']",https://primeminister.kz/en/news/unified-migration-regulation-system-to-be-introduced-in-kazakhstan-24985
Kuwait,Ekansh,"['kuwait', 'relaxed', 'immigration', 'law', 'forthcoming', 'december']",https://www.fragomen.com/insights/kuwait-relaxed-immigration-law-forthcoming.html,"['walls', 'at', 'every', 'turn', 'abuse', 'of', 'migrant', 'domestic', 'workers', 'through', 'kuwait’s', 'sponsorship', 'system']",https://www.hrw.org/report/2010/10/06/walls-every-turn/abuse-migrant-domestic-workers-through-kuwaits-sponsorship,"['kuwaitphilippines', 'protect', 'filipino', 'migrant', 'workers', 'feb']",https://www.hrw.org/news/2018/02/21/kuwait/philippines-protect-filipino-migrant-workers,"['migrant', 'workers', 'bear', 'the', 'brunt', 'of', 'extreme', 'heat', 'in', 'kuwait', 'aug']",https://www.who.int/news-room/feature-stories/detail/migrant-workers-bear-brunt-extreme-heat-kuwait,"['kuwait', 'wants', 'to', 'bring', 'down', 'migrant', 'population', 'from', 'to', 'june']",https://m.economictimes.com/nri/visa-and-immigration/kuwait-wants-to-bring-down-migrant-population-from-70-to-30/articleshow/76187375.cms
Kyrgyzstan,Ekansh,"['actual', 'issues', 'of', 'labor', 'migration', 'in', 'the', 'kyrgyz', 'republic', 'work', 'visas', 'kyrgyzstan', 'july']",https://www.mondaq.com/work-visas/1347794/actual-issues-of-labor-migration-in-the-kyrgyz-republic,"['migrants', 'from', 'kyrgyzstan', 'in', 'russia', 'employed', 'in', 'trade', 'and', 'construction', 'nov']",https://24.kg/english/280478_Migrants_from_Kyrgyzstan_in_Russia_employed_in_trade_and_construction/,"['opening', 'of', 'premigration', 'center', 'in', 'kyrgyzstan', 'delayed', 'by', 'russian', 'authorities', 'labor', 'minister', 'june']",https://akipress.com/news:714223:Opening_of_pre-migration_center_in_Kyrgyzstan_delayed_by_Russian_authorities_-_Labor_Minister/,"['has', 'labor', 'migration', 'to', 'russia', 'improved', 'for', 'kyrgyz', 'dec']",https://thediplomat.com/2021/12/has-labor-migration-to-russia-improved-for-kyrgyz/,"['kyrgyzstani', 'detained', 'for', 'illegal', 'transportation', 'of', 'foreigners', 'across', 'border', 'nov']",https://24.kg/english/279399_Kyrgyzstani_detained_for_illegal_transportation_of_foreigners_across_border/
Laos,Ekansh,"['migration', 'throws', 'laos’', 'communist', 'government', 'a', 'lifeline', 'oct']",https://www.rfa.org/english/commentaries/laos-migration-10282023095444.html,"['relief', 'provided', 'to', 'return', 'migrant', 'workers', 'in', 'lao', 'people’s', 'democratic', 'republic', 'sept']",https://www.ilo.org/asia/media-centre/news/WCMS_818902/lang--en/index.htm,"['lao', 'pdr', 'policy', 'repository', 'on', 'migrant', 'workers’', 'legislation', 'and', 'practices', 'of', 'asean', 'member', 'states', 'june']",https://asean.org/lao-pdr-policy-repository-on-migrant-workers-legislation-and-practices-of-asean-member-states/,"['fossil', 'discoveries', 'in', 'laos', 'suggest', 'earlier', 'arrival', 'of', 'modern', 'humans', 'to', 'southeast', 'asia', 'june']",https://www.newsclick.in/fossil-discoveries-laos-suggest-earlier-arrival-modern-humans-southeast-asia,"['lao', 'migrants', 'fleeing', 'poverty', 'defy', 'dangers', 'to', 'work', 'in', 'thailand', 'aug']",https://www.rfa.org/english/news/laos/migrants-08272019160657.html
Lebanon,Ekansh,"['lebanon', 'reacts', 'to', 'surge', 'in', 'migration', 'from', 'syria', 'oct']",https://www.voanews.com/a/lebanon-reacts-to-surge-in-migration-from-syria/7298416.html,"['lebanon', 'irregular', 'maritime', 'migration', 'from', 'lebanon', 'since', 'conflict', 'crisis', 'and', 'migration', 'nov']",https://www.freiheit.org/spain-italy-portugal-and-mediterranean-dialogue/irregular-maritime-migration-lebanon-2019-conflict,"['how', 'to', 'immigrate', 'to', 'canada', 'from', 'lebanon', 'nov']",https://www.canadim.com/blog/immigrate-to-canada-from-lebanon/,"['more', 'than', 'displaced', 'in', 'lebanon', 'as', 'israel', 'border', 'clashes', 'escalate', 'oct']",https://www.aljazeera.com/news/2023/10/23/more-than-19000-displaced-in-lebanon-as-israel-border-clashes-escalate-un,"['lebanon', 'tiktok', 'europe', 'visa', 'migration', 'scams', 'target', 'refugees', 'aug']",https://www.newarab.com/news/lebanon-tiktok-europe-visa-migration-scams-target-refugees
Malaysia,Ekansh,"['international', 'labour', 'migration', 'in', 'a', 'changing', 'climate', 'insights', 'from', 'malaysia', 'and', 'thailand', 'sept']",https://www.sei.org/publications/migration-climate-insights-malaysia-thailand/,"['malaysian', 'police', 'raid', 'against', 'illegal', 'migrant', 'workers', 'fuels', '‘xenophobic’', 'views', 'dec']",https://www.scmp.com/week-asia/people/article/3246218/malaysian-police-raid-against-illegal-migrant-workers-fuels-xenophobic-views-amid-calls-greater,"['malaysian', 'killer', 'released', 'from', 'australian', 'immigration', 'detention', 'nov']",https://www.bbc.com/news/world-australia-67400652,"['officers', 'fired', 'in', 'malaysia', 'airport', 'migration', 'scandal', 'june']",https://www.aa.com.tr/en/asia-pacific/15-officers-fired-in-malaysia-airport-migration-scandal/581544,"['stats', 'dept', 'malaysia’s', 'population', 'set', 'to', 'reach', 'million', 'in', 'driven', 'by', 'international', 'migration', 'july']",https://www.malaymail.com/news/malaysia/2023/07/31/stats-dept-malaysias-population-set-to-reach-334-million-in-2023-driven-by-international-migration/82763
Maldives,Ekansh,"['maldives', 'reopens', 'its', 'doors', 'to', 'bangladeshi', 'unskilled', 'workers', 'dec']",https://www.dhakatribune.com/bangladesh/migration/334213/maldives-reopens-its-doors-to-bangladeshi,"['maldives', 'covid', 'exposes', 'abuse', 'of', 'migrants', 'aug']",https://www.hrw.org/news/2020/08/25/maldives-covid-19-exposes-abuse-migrants,"['maldives', 'and', 'sri', 'lanka', 'work', 'together', 'to', 'combat', 'migrant', 'smuggling', 'april']",https://www.unodc.org/unodc/en/human-trafficking/Webstories2022/maldives-and-sri-lanka-work-together-to-combat-migrant-smuggling.html,"['fire', 'in', 'maldives’', 'capital', 'male', 'claims', 'lives', 'of', 'migrant', 'workers', 'from', 'india', 'mint', 'nov']",https://www.livemint.com/news/world/fire-in-maldives-capital-male-claims-lives-of-9-migrant-workers-from-india-11668063918392.html,"['maldives', 'deports', 'migrant', 'workers', 'in', 'jul']",https://www.business-standard.com/article/news-ians/maldives-deports-6-400-migrant-workers-in-2014-114072300596_1.html
Mongolia,Ekansh,"['the', 'current', 'state', 'of', 'migration', 'to', 'mongolia', 'may']",https://www.borgenmagazine.com/migration-to-mongolia/,"['mongolia’s', 'ban', 'on', 'moving', 'to', 'overcrowded', 'capital', 'hurt', 'migrants', 'jan']",https://www.iom.int/news/mongolias-ban-moving-overcrowded-capital-hurt-migrants-iom-research,"['mongolias', 'great', 'migration', 'why', 'young', 'families', 'are', 'flocking', 'to', 'the', 'countryside', 'jun']",https://globalpressjournal.com/asia/mongolia/mongolias-great-migration-young-families-flocking-countryside/,"['the', 'current', 'state', 'of', 'migration', 'to', 'mongolia']",https://www.borgenmagazine.com/migration-to-mongolia/,"['mongolia’s', 'ban', 'on', 'moving', 'to', 'overcrowded', 'capital', 'hurt', 'migrants']",https://www.iom.int/news/mongolias-ban-moving-overcrowded-capital-hurt-migrants-iom-research
Myanmar (Burma),Ekansh,"['manipur', 'starts', 'collection', 'of', 'biometrics', 'of', 'illegal', 'migrants', 'from', 'myanmar', 'amid', 'massive', 'rally', 'by', 'meitei', 'groups', 'july']",https://www.deccanherald.com/india/manipur-starts-collection-of-biometrics-of-illegal-migrants-from-myanmar-amid-massive-rally-by-meitei-groups-1241977.html,"['centre', 'blaming', 'myanmar', 'migrants', 'for', 'manipur', 'violence', 'is', 'dangerous', 'aug']",https://frontline.thehindu.com/the-nation/centre-blaming-myanmar-migrants-for-manipur-violence-is-dangerous/article67212603.ece,"['the', '‘free', 'movement', 'regime’', 'along', 'the', 'indiamyanmar', 'border', 'and', 'why', 'it', 'has', 'complicated', 'the', 'volatile', 'situation', 'in', 'manipur', 'july']",https://indianexpress.com/article/explained/free-movement-regime-india-myanmar-border-manipur-migration-explained-8865348/,"['myanmar', 'workers', 'in', 'thailand', 'struggle', 'to', 'work', 'legally', 'july']",https://www.dw.com/en/myanmar-workers-in-thailand-struggle-to-work-legally/video-66014419,"['making', 'migration', 'safe', 'and', 'fair', 'for', 'women', 'workers', 'in', 'myanmar', 'dec']",https://unsdg.un.org/latest/blog/making-migration-safe-and-fair-women-workers-myanmar
Nepal,Ekansh,"['massive', 'outflow', 'of', 'youth', 'from', 'nepal', 'a', 'security', 'issue', 'in', 'the', 'making', 'aug']",https://www.orfonline.org/expert-speak/massive-outflow-of-youth-from-nepal,"['dying', 'to', 'work', 'abroad', 'why', 'nepalese', 'migrants', 'are', 'fighting', 'other', 'people’s', 'wars', 'feb']",https://www.lowyinstitute.org/the-interpreter/dying-work-abroad-why-nepalese-migrants-are-fighting-other-people-s-wars,"['why', 'are', 'nepalis', 'leaving', 'the', 'country', 'may']",https://myrepublica.nagariknetwork.com/news/why-are-nepalis-leaving-the-country/#/google_vignette,"['the', 'complex', 'reason', 'behind', 'youth', 'migration', 'from', 'nepal', 'nov']",https://english.onlinekhabar.com/youth-migration-in-nepal-cause.html,"['why', 'nepal', 'sends', 'so', 'many', 'migrant', 'workers', 'to', 'the', 'middle', 'east', 'nov']",https://thewire.in/south-asia/nepal-migrant-workers-middle-east-qatar
North Korea,Ekansh,"['north', 'koreas', 'stranded', 'migrant', 'workers', 'feb']",https://theweek.com/uk/politics/north-korea-sending-workers-overseas,"['escaping', 'north', 'korea', 'under', 'kim', 'jongun', 'dec']",https://eastasiaforum.org/2021/12/16/escaping-north-korea-under-kim-jong-un/,"['improving', 'north', 'korean', 'defector', 'integration', 'in', 'south', 'korea', 'survey', 'findings', 'and', 'recommendations', 'may']",https://www.38north.org/2022/05/improving-north-korean-defector-integration-in-south-korea-survey-findings-and-recommendations/,"['kim', 'jong', 'un', 'is', 'north', 'koreas', 'leader', 'actually', 'considering', 'war']",https://www.bbc.com/news/world-asia-68052515,"['north', 'korea', 'hacked', 'south', 'korea', 'chip', 'equipment', 'makers', 'seoul', 'says']",https://www.bbc.com/news/business-68476035
Oman,Aryan,"['omanincountry', 'conversion', 'of', 'visitor', 'to', 'employment', 'visa', 'no', 'longer', 'possible']",https://www.fragomen.com/insights/Oman-in-country-conversion-of-visitor-to-employment-visa-no-longer-possible.html,"['immigration', 'issue', 'of', 'visas']",https://www.omanairports.co.om/en/immigration-issues-visa,"['oman', 'supends', 'conversion', 'of', 'visitor', 'to', 'employment', 'visas', 'while', 'in', 'the', 'country']",https://visaguide.world/news/oman-supends-conversion-of-visitor-to-employment-visas-while-in-the-country/,"['uae', 'and', 'oman', 'prepare', 'for', 'torrential', 'rain', 'storms']",https://www.bbc.com/weather/av/68506463,"['iran', 'seizes', 'oil', 'tanker', 'st', 'nikolas', 'near', 'oman']",https://www.bbc.com/news/world-middle-east-67948119
Pakistan,Aryan,"['pakistan', 'at', 'least', 'die', 'due', 'to', 'surprise', 'snowfall', 'and', 'heavy', 'rains']",https://www.bbc.com/news/world-asia-pacific-68476139,"['pakistans', 'king', 'of', 'chaos', 'imran', 'khan', 'keeps', 'winning', 'even', 'behind', 'bars']",https://www.bbc.com/news/world-asia-68422821,"['pakistan', 'election', 'imran', 'khans', 'rivals', 'pmln', 'and', 'ppp', 'reach', 'deal', 'to', 'form', 'government']",https://www.bbc.com/news/world-asia-68287508,"['pakistans', 'biggest', 'private', 'utility', 'forecasts', 'power', 'demand', 'will', 'fall', 'in']",https://www.reuters.com/business/energy/pakistans-biggest-private-utility-forecasts-power-demand-will-fall-2024-2024-03-05/,"['shehbaz', 'sharif', 'elected', 'pakistans', 'prime', 'minister', 'for', 'second', 'term']",https://www.reuters.com/world/asia-pacific/pakistans-shehbaz-sharif-set-take-oath-prime-minister-second-term-2024-03-03/
Palestine,Aryan,"['propalestine', 'protest', 'disrupts', 'council', 'meeting']",https://www.bbc.com/news/articles/cd1951g7zdwo,"['tower', 'bridge', 'reopens', 'after', 'propalestine', 'march']",https://www.bbc.com/news/uk-england-london-68396537,"['propalestine', 'group', 'targets', 'twickenham', 'stadium', 'with', 'red', 'paint']",https://www.bbc.com/news/articles/crg4dg2nq50o,"['who', 'is', 'mohammad', 'mustafa', 'the', 'man', 'who', 'could', 'be', 'next', 'palestinian', 'pm']",https://www.reuters.com/world/middle-east/who-is-mohammad-mustafa-man-who-could-be-next-palestinian-pm-2024-02-29/,"['uk', 'considering', 'recognising', 'palestine', 'state', 'lord', 'cameron', 'says']",https://www.bbc.com/news/uk-68137220
Philippines,Aryan,"['philippines', 'landslide', 'death', 'toll', 'rises', 'to', 'in', 'davao', 'de', 'oro']",https://www.bbc.com/news/world-asia-68274588,"['philippines', 'bone', 'diggers', 'seek', 'justice', 'for', 'dead', 'in', 'dutertes', 'drug', 'war']",https://www.bbc.com/news/world-asia-67825685,"['philippines', 'former', 'first', 'lady', 'imelda', 'marcos', 'in', 'good', 'condition', 'in', 'hospital']",https://www.reuters.com/world/asia-pacific/philippines-former-first-lady-imelda-marcos-good-condition-hospital-2024-03-06/,"['philippines', 'country', 'profile']",https://www.bbc.com/news/world-asia-pacific-67765684,"['several', 'killed', 'in', 'catholic', 'mass', 'at', 'university', 'in', 'philippines']",https://www.bbc.com/news/live/world-asia-67605206
Qatar,Aryan,"['qatar', 'country', 'profile']",https://www.bbc.com/news/world-middle-east-14702226,"['israelgaza', 'war', 'latest', 'ceasefire', 'talks', 'not', 'very', 'promising', 'qatar']",https://www.bbc.com/news/world-middle-east-68326788,"['qatar', 'frees', 'eight', 'exindian', 'navy', 'officers', 'previously', 'on', 'death', 'row']",https://www.bbc.com/news/world-asia-68271170,"['israel', 'not', 'meeting', 'international', 'obligation', 'on', 'aid', 'qatar']",https://www.bbc.com/news/av/world-middle-east-68116274,"['gresinis', 'marquez', 'looking', 'for', 'answers', 'in']",https://www.reuters.com/sports/formula1/gresinis-marquez-looking-answers-2024-2024-03-08/
Russia (partly in Europe),Aryan,"['ukraine', 'war', 'eastern', 'residents', 'brace', 'for', 'russian', 'advance']",https://www.bbc.com/news/world-europe-68493215,"['alexei', 'navalny', 'widow', 'urges', 'russians', 'to', 'protest', 'against', 'putin', 'on', 'election', 'day']",https://www.bbc.com/news/av/world-68491891,"['russiaukraine', 'war', 'moscow', 'ignores', 'arrest', 'warrants', 'for', 'putin', 'commanders']",https://www.bbc.com/news/world-europe-68489266,"['russia', 'to', 'transport', 'dozens', 'of', 'migrants', 'to', 'last', 'open', 'finnish', 'border', 'checkpoint']",https://www.themoscowtimes.com/2023/11/24/russia-to-transport-dozens-of-migrants-to-last-open-finnish-border-checkpoint-a83217,"['trump', 'threatens', 'to', 'encourage', 'attack', 'of', 'nato', 'members', 'behind', 'on', 'payments']",https://economictimes.indiatimes.com/news/international/world-news/trump-threatens-to-encourage-attack-of-nato-members-behind-on-payments/articleshow/107595347.cms
Saudi Arabia,Aryan,"['saudi', 'border', 'guards', 'killed', 'hundreds', 'of', 'ethiopian', 'migrants', 'hrw', 'says']",https://www.reuters.com/world/middle-east/saudi-border-guards-killed-hundreds-ethiopian-migrants-hrw-says-2023-08-21/,"['saudi', 'arabia', 'defends', 'hosting', 'world', 'cup']",https://www.bbc.com/news/av/world-middle-east-67665328,"['saudi', 'arabian', 'grand', 'prix', 'fernando', 'alonso', 'fastest', 'in', 'second', 'practice', 'ahead', 'of', 'george', 'russell']",https://www.bbc.com/sport/formula1/68504638,"['saudi', 'arabia', 'to', 'get', 'first', 'alcohol', 'shop', 'in', 'more', 'than', 'years']",https://www.bbc.com/news/world-middle-east-68085190,"['ksa', 'immigration', 'news', 'premium', 'residency', 'for', 'regional', 'executives', 'headquartered', 'in', 'the', 'kingdom']",https://www2.deloitte.com/xe/en/pages/tax/articles/ksa-immigration-news.html
Singapore,Aryan,"['dbs', 'singapores', 'biggest', 'bank', 'cuts', 'executive', 'pay', 'after', 'outages']",https://www.bbc.com/news/business-68224396,"['singapore', 'minister', 'iswaran', 'charged', 'in', 'rare', 'corruption', 'case']",https://www.bbc.com/news/business-68014625,"['singapore', 'to', 'raise', 'salary', 'criteria', 'for', 'foreign', 'workers', 'in', 'bid', 'for', 'highquality', 'talent']",https://economictimes.indiatimes.com/nri/work/singapore-to-raise-salary-criteria-for-foreign-workers-in-bid-for-high-quality-talent/articleshow/108202357.cms,"['singapore', 'taps', 'foreign', 'talent', 'as', 'labour', 'crunch', 'worsens', 'birth', 'rate', 'falls']",https://economictimes.indiatimes.com/nri/work/facing-a-low-birth-rate-and-manpower-shortage-singapore-to-stay-open-to-foreign-talent/articleshow/108078289.cms,"['singapore', 'flags', '‘structural', 'decline’', 'without', 'migrant', 'workers']",https://economictimes.indiatimes.com/nri/work/singapore-flags-structural-decline-without-migrant-workers/articleshow/102728694.cms
South Korea,Aryan,"['south', 'korea', 'turns', 'to', 'migrant', 'labor', 'to', 'fuel', 'growth']",https://asia.nikkei.com/Spotlight/Asia-Insight/South-Korea-turns-to-migrant-labor-to-fuel-growth,"['india', 'south', 'korea', 'in', 'talks', 'for', 'migration', 'pact', '—', 'heres', 'how', 'it', 'will', 'help', 'indian', 'professionals']",https://www.cnbctv18.com/education/india-south-korea-in-talks-for-migration-pact--heres-how-it-will-help-indian-professionals-17571931.htm,"['south', 'korea', 'doctors', 'on', 'strike', 'face', 'arrest', 'if', 'they', 'do', 'not', 'return', 'to', 'work']",https://www.bbc.com/news/world-asia-68422002,"['why', 'south', 'korean', 'women', 'arent', 'having', 'babies']",https://www.bbc.com/news/world-asia-68402139,"['lee', 'jaemyung', 'south', 'korea', 'opposition', 'leader', 'stabbed', 'in', 'neck', 'on', 'visit', 'to', 'busan']",https://www.bbc.com/news/world-asia-67860330
Sri Lanka,Aryan,"['organiser', 'of', 'white', 'party', 'in', 'sri', 'lanka', 'apologises', 'after', 'backlash']",https://www.bbc.com/news/world-asia-68421131,"['sri', 'lanka', 'whats', 'killing', 'so', 'many', 'of', 'the', 'countrys', 'iconic', 'elephants']",https://www.bbc.com/news/world-asia-68090450,"['sri', 'lankas', 'controversial', 'internet', 'safety', 'law', 'comes', 'into', 'force']",https://www.bbc.com/news/world-asia-68163414,"['sri', 'lanka', 'rajapaksa', 'brothers', 'among', 'leaders', 'responsible', 'for', 'crisis']",https://www.bbc.com/news/world-asia-67423516,"['sri', 'lanka', 'country', 'profile']",https://www.bbc.com/news/world-south-asia-11999611
Syria,Dharani ,"['cyprus', 'calls', 'for', 'eu', 'rethink', 'on', 'syria', 'migration', 'as', 'refugee', 'numbers', 'rise']",https://www.reuters.com/world/europe/cyprus-calls-eu-rethink-syria-migration-refugee-numbers-rise-2023-12-14/,"['at', 'least', 'syrian', 'truffle', 'hunters', 'killed', 'in', 'suspected', 'is', 'attack']",https://www.bbc.com/news/world-middle-east-68490039,"['israeli', 'missile', 'strike', 'on', 'damascus', 'flat', 'kills', 'two', 'syria', 'says']",https://www.bbc.com/news/world-middle-east-68356933,"['russian', 'aircraft', 'strike', 'fighters', 'bases', 'in', 'syria', 'military', 'official', 'says']",https://www.reuters.com/world/middle-east/russian-aircraft-strike-fighters-bases-syria-military-official-says-2024-03-07/,"['syria', 'war', 'why', 'does', 'the', 'battle', 'for', 'idlib', 'matter']",https://www.bbc.com/news/world-middle-east-45403334
Taiwan,Dharani ,"['chinataiwan', 'beijing', 'conducts', 'new', 'military', 'drills', 'near', 'island']",https://www.bbc.com/news/world-asia-china-62462273,"['taiwan', 'election', 'china', 'says', 'us', 'gravely', 'wrong', 'to', 'congratulate', 'new', 'leader']",https://www.bbc.com/news/world-asia-67974541,"['taiwan', 'election', 'dpp', 'supporters', 'celebrate', 'at', 'rally']",https://www.bbc.com/news/av/world-asia-67967549,"['taiwan', 'tech', 'giants', 'foxconn', 'and', 'tsmc', 'to', 'buy', 'm', 'covid', 'jabs']",https://www.bbc.com/news/business-57801031,"['taiwan', 'and', 'the', 'next', 'industrial', 'revolution']",https://www.bbc.com/storyworks/future/transforming-taiwan/taiwan-and-the-next-industrial-revolution
Tajikistan,Dharani ,"['tajikistan', 'elections', 'get', 'social', 'media', 'makeover']",https://www.bbc.com/news/world-asia-24758883,"['tajikistan', 'locals', 'locked', 'in', 'at', 'election', 'event']",https://www.bbc.com/news/blogs-news-from-elsewhere-31601731,"['china', 'belt', 'and', 'road', 'indonesia', 'opens', 'whoosh', 'highspeed', 'railway']",https://www.bbc.com/news/world-asia-66979810,"['afghanistan', 'taliban', 'flag', 'raised', 'above', 'border', 'crossing', 'with', 'pakistan']",https://www.bbc.com/news/world-asia-57818221,"['kyrgyzstantajikistan', 'border', 'clashes', 'claim', 'nearly', 'lives']",https://www.bbc.com/news/world-asia-62950787
Thailand,Dharani ,"['thailand', 'military', 'seizes', 'power', 'in', 'coup']",https://www.bbc.co.uk/news/world-asia-27517591,"['thailand', 'revives', 'law', 'banning', 'criticism', 'of', 'king', 'in', 'bid', 'to', 'curb', 'protests']",https://www.bbc.com/news/world-asia-55062397,"['calls', 'from', 'tourism', 'industry', 'for', 'vat', 'cut', 'in', 'budget']",https://www.bbc.com/news/uk-england-devon-68447759,"['elephants', 'covid', 'and', 'ethics', 'reshape', 'thailands', 'tourism', 'industry']",https://www.bbc.com/news/world-asia-63858123,"['thailand', 'cave', 'rescue', 'tham', 'luang', 'reopens', 'to', 'tourists']",https://www.bbc.com/news/world-asia-50266947
Timor-Leste (East Timor),Dharani ,"['feature', 'drawing', 'down', '–', 'the', 'end', 'of', 'a', 'un', 'peacekeeping', 'mission', 'in', 'timorleste']",https://news.un.org/en/story/2013/01/429462,"['timorleste', 'overview', 'development', 'news', 'research', 'data']",https://www.worldbank.org/en/country/timor-leste/overview,"['members', 'endorse', 'timorlestes', 'wto', 'accession', 'package', 'ready', 'for', 'formal', 'adoption', 'in', 'abu', 'dhabi']",https://www.wto.org/english/news_e/news24_e/acc_11jan24_e.htm,"['india', 'to', 'open', 'embassy', 'in', 'timorleste']",https://m.economictimes.com/nri/latest-updates/indian-to-open-embassy-in-timor-leste/articleshow/103459413.cms,"['east', 'timor', 'country', 'profile']",https://www.bbc.com/news/world-asia-pacific-14919009
Turkey (partly in Europe),Dharani ,"['turkey', 'overview', 'development', 'news', 'research', 'data']",https://www.worldbank.org/en/country/turkey/overview,"['turkeys', 'devastating', 'earthquakes', 'recovery', 'efforts', 'underway']","https://disasterphilanthropy.org/disasters/2023-turkey-syria-earthquake/#:~:text=and%20northwest%20Syria.-,On%20Feb.,operations%20is%20also%20being%20prepared.","['erdogan', 'turkeys', 'allpowerful', 'leader', 'of', 'years']",https://www.bbc.com/news/world-europe-13746679,"['turkey', 'country', 'profile']",https://www.bbc.com/news/world-europe-17988453,"['why', 'is', 'the', 'turkish', 'lira’s', 'value', 'still', 'falling']",https://www.aljazeera.com/news/2023/6/18/why-is-the-turkish-lira-still-falling-in-value
Turkmenistan,Dharani ,"['turkmen', 'president', 'escapes', 'injury', 'in', 'riding', 'accident']",https://www.bbc.co.uk/news/world-asia-22352281,"['elections', 'in', 'turkmenistan']",https://www.osce.org/odihr/elections/turkmenistan,"['turkeybound', 'citizens', 'of', 'turkmenistan', 'must', 'find', '‘guarantors’', 'and', 'pledge', '‘no', 'activism’']",https://www.rferl.org/a/turkemenistan-turkey-visas-activism-anti-regime-protests/32313299.html,"['turkmenistan', 'faces', '‘shocking', 'population', 'decline’', 'as', 'exodus', 'continues']",https://www.rferl.org/a/turkmenistan-population-decline-exodus/31355045.html,"['mainstreaming', 'the', 'migration', 'environment', 'and', 'climate', 'change', 'nexus', 'in', 'turkmenistan']",https://www.iom.int/project/turkmenistan-mainstreaming-migration-environment-and-climate-change-nexus-climate-related-national-planning-processes
United Arab Emirates,Dharani ,"['economic', 'ties', 'that', 'bind', 'uk', 'and', 'uae']",https://www.bbc.com/news/av/business-22213360,"['dubai', 'expo', 'coronavirusdelayed', 'world', 'fair', 'opens']",https://www.bbc.com/news/world-middle-east-58745890,"['uae', 'has', 'funded', 'political', 'assassinations', 'in', 'yemen', 'bbc', 'finds']",https://www.bbc.com/news/world-middle-east-67945137,"['uae', 'mars', 'mission', 'hope', 'project', 'a', 'real', 'step', 'forward', 'for', 'exploration']",https://www.bbc.com/news/world-middle-east-52973849,"['landmark', 'uaeisrael', 'deal', 'will', 'deliver', 'suspension', 'of', 'annexation', 'says', 'gargash']",https://www.bbc.com/news/av/world-middle-east-54169627
Uzbekistan,Dharani ,"['uzbekistan', 'overview', 'development', 'news', 'research', 'data']",https://www.worldbank.org/en/country/uzbekistan/overview,"['uzbek', 'president', 'reelected', 'for', 'sevenyear', 'term', 'in', 'snap', 'election']",https://www.aljazeera.com/news/2023/7/10/uzbek-president-re-elected-for-seven-year-term-in-snap-election,"['uzbekistan', 'a', 'breadbasket', 'of', 'central', 'asia']",https://www.bbc.com/news/world-asia-16218112,"['uzbekistans', 'reforms', 'opening', 'up', 'or', 'a', 'façade']",https://thediplomat.com/2023/05/what-will-it-take-to-finally-build-a-new-uzbekistan/,[],
Vietnam,Dharani ,"['vietnam', 'from', 'centrally', 'planned', 'to', 'market', 'economy']",https://www.worldbank.org/en/country/vietnam,"['vietnams', 'free', 'trade', 'agreements', 'a', 'catalyst', 'for', 'growth']",https://www.ft.com/?edition=uk,"['the', 'usvietnam', 'relationship', 'a', 'long', 'road', 'to', 'reconciliation', 'the', 'new', 'york', 'times']",https://www.nytimes.com/international/,"['vietnams', 'battle', 'against', 'covid', 'cnn']",https://www.cnn.com/,"['vietnam', 'on', 'the', 'front', 'lines', 'of', 'climate', 'change', 'the', 'guardian']",https://www.theguardian.com/
Yemen,Dharani ,"['yemen', 'development', 'news', 'research', 'data', 'world', 'bank']",https://www.worldbank.org/en/country/yemen,"['yemen', 'economic', 'monitor', 'highlights', 'ongoing', 'challenges', 'amid', 'renewed', 'hope', 'world', 'bank']",https://www.worldbank.org/en/news/press-release/2023/10/26/yemen-economic-monitor-highlights-ongoing-challenges-amid-renewed-hope,"['yemens', 'economic', 'update', '—', 'april', 'world', 'bank']",https://www.worldbank.org/en/country/yemen/publication/economic-update-april-2022,"['yemens', 'war', 'and', 'the', 'worlds', 'worst', 'humanitarian', 'crisis']",https://www.unicef.org/emergencies/yemen-crisis,"['yemen', 'in', 'crisis']",https://www.cfr.org/middle-east-and-north-africa/yemen
